label,text
neutral,"продавец что-то напутал с адресом.Половину пути трек отслеживания потом нет.очень долго отправлял.Вообщем заказывала на лето,но оно к сожалению прошло.....в целом цена-качество соответствует"
neutral,"пришло быстро, товар , фото не соответствует действительности"
positive,"Рубашка понравилась. Я хотела over size, как на модели, в итоге L на рос.44 села как надо."
neutral,продавец сказал что вышлет s вместо xs. в итоге пришел xs . куртка не для зимы. чтобы поднять ногу нужно задрать куртку. разочарована
neutral,"После первой же носки, все в катышках((((("
neutral,"из описания не очень понятно что за материал, на фото выглядит гораздо плотнее. но в остальном претензий нет"
positive,"Доставка около 3 недель. Качество материала внутри очень приятное, снаружи блестящая искусственная кожа, такой вид и хотела. Единственное, размер не подошёл, на свой s ОБ 87см,талия 63 см, заказала L. Мало. Но леггинсы отлично подошли дочери на рост 145, вес 41кг.)))) В общем, на девочку 9-10 лет рекомендую))))Тёплые, под пуховик отлично зимой пригодятся."
neutral,"товар не пришел! открыла спор о возврате средств , продавец предложил ждать еще, я отказалась. деньги вернули."
negative,не подошло
negative,платье красивое но 6xl для этого заказа это 60-62 размер
positive,Очень теплая и красивая кофта. Смотриться эффектно. Размер соответствует
neutral,юбка оооочень короткая
positive,Колготки очень симпатичные. Красиво сидят на стройных ножках.
neutral,"Размер не подошёл , очень жаль"
neutral,"провдавец молодец. отправил быстро. спасибо. ему 5 звёзд. товару 2-3 звезды, не больше!!!! материал так себе. сильно портит фигуру. боди совсем не в обтяжку,хотя размер один в один. в общем осталась разочарована."
negative,"Добрый день заказ был заказан 21.11.2017 года. отправили 29.11.2017 года, пришел на почту 5.01.2018 года. Причем была оплачена быстрая доставка заказ не пришел во время. И еще ко всему плохая прошивка швов и совершенно не сходиться платье на фото с оригиналом, на руках оказывается резинка.которая давит и не так просто одеть его, на талии совершенно большое нужно одевать ремень. К сожалению не могу прикрепить фото,но поверьте на слово. Лучше здесь не чего не заказывать или у этого продавца. Я не довольна этим заказам. Если кто то захочет увидеть это платье,я с удовольствием найду способ прикрепить фото и прислать вам"
neutral,"платье супер!!!! продавец быстро отправил.НО:-нитки торчат, колется, блестки сыпятся (((со стороны спины чуть ниже попы блестки пришиты так будто грязная полоса!!!!! хотелось лучшего"
positive,"Немного маловат , а так качество вроде норм , если после стирки не развалиться"
negative,Качество просто ужасное.Совсем не соответствует фото.
positive,все как на картинке! пришел быстро!
neutral,"и снова посылка не пришла, расстроена"
negative,"испортил впечатление большой шов по центру!!! точнее платье было порвано, а потом его тупо зашили и отправили!!! Сначала не увилела. Свадебная ночь была испорчена. Продавец нечестный , плохо!"
neutral,"Очки крутые, но не обратила внимания, что душки не прорезиненные... они просто металлические, неудобно носить капец)"
neutral,за эти деньги глупо было ожидать чего-то лучшего
positive,"Претензий нет, все как указано у продавца"
positive,"Цвет черный а не темно синий , обидно. Шапка хорошая."
positive,Все суппер!
neutral,"Цвет совершенно не соответствует заявленному на фото продавца. Качество хорошее, буду носить. Отдельное ""спасибо"" Почте России, посылка прошла 6 городов прежде, чем прилететь в Краснодар, дебилы блин."
negative,Комментарии излишни. Всё внимание на фото.
positive,"Костюм хороший,понравился,но на брюках были 2 затяжки на видном месте,неприятно"
neutral,"Продавец всегда был на связи, продлял защиту покупателя, но заказ так и не дошел до меня. ждала 4 месяца. В итоге Алиэкспресс вернул деньги,за что большое спасибо."
positive,"Хорошая кофта,очень теплая,имеет немного запах,есть нитки,но в целом мне нравится,на размер 42,взяла М."
negative,"Футболка на самом деле очень короткая, кроме рисунка схожести вообще нет, в начале даже подумала, что другой заказ прислали."
neutral,Косяк в прокраске на самом видном месте
neutral,"на чёрном горошке внизу белая полоса, непрокрас... не сильно видно, но и одевать не буду.. очень жаль, а так блузка симпотичная"
neutral,"the fabrique is not very good, the colour is not bright"
positive,хорошее боди! быстрая доставка. Но я ожидала более объемные воланы.
positive,"Наконец!!!Дождались!!!(но в этом сезоне уже не успели одеть(((! ) Заказ от 22сентября.Отправлено через неделю после заказа.Получено на 43день, курьером,хотя при заказе выбирала чина пост!!!(приехало бы намного быстрее,если бы доставка не была изменена!!!)За это минус звезда. Продавец хороший.Честно сказал, когда отправит мой заказ.Не люблю когда врут!!! По самой парке: покупала ребенку (все ""мозги мои съел""когда,да когда приедет!) На рост 156см; 49 кг. 42 размер ""села"" отлично(попа закрыта,рукава тоже правильной длины)Можно под низ хорошую тёплую кофту одеть.На рост166,ОГ89-глядится куцо!!!Так ,что надо больше брать у кого 44р-р.Сшита хорошо.Замок пластмассовый.Парка тонкая-соответствует цене!!!Для людей маленького роста!!!Иначе завязка на поясе будет см.на 10 выше талии!!! Цвет зависит от освещения.Мех пришит.Наружная ткань не""парочная""-мягкая,на ощупь бархатистая.Внутренняя,как лысеватый медвежонок.Товар соответствует описанию и цене.На весну!На сезон,думаю,должно хватить.Thank you!!"
positive,Товар не пришёл. Деньги вернули. Продавец был очень вежлив.
negative,Платье пришло бракованное. Заказывали размер самый маленький а пришло самое большое и все растянутое. Открыли спор. Деньги вернули.
neutral,пришол большой размер
neutral,"Сидит странно. Сзади образуется пузырь, хотя по плечам как раз. Расширяется к низу. Носить не смогу. Параметры 87-78-98, заказала М. Пошив нормальный, кнопки вроде крепко посажены. Тонкое, на просвет виден как распределен наполнитель, немного неравномерно. Расстроена. Крой странный, наверное вытачки помогут."
positive,Немного темнее чем на фото. Тёплая и прикольная.
neutral,"заказывали розовую, пришла черная, ребенок расстроен."
positive,"Тонковаты, просвечивают. Но за эти деньги ничего."
positive,Брюки соотвествуют описанию полностью.Качество нормальное.Доставка своевременная.Продавцу спасибо и наилучшие пожелания.
positive,"Чулки красивые, тонкие, без силикона. посылка пришла быстро. заказом довольна )) Спасибо"
negative,"Посылка не пришла. Всячески уговаривали закрыть спор обманом. Невидитесь как бы не уговаривали. Хотела пойти навстречу магазину , но они не продлили защиту. Алиэкспресс вернул деньги обратно."
positive,"куртка крутая, запах сильный, но стирка + неделя проветривания на балконе и все ок) фурнитура звенит))"
negative,"Продавец ооочень просил закрыть спор! Обещал что заказ вот-вот прийдёт в течении двух недель, Заказ так и не пришел!!! Обидно! Трек не отслеживается!"
negative,"Товар я так и не получил!!!!!!! В отслеживании написано заказ выполнен, как не понятно!!!!!45 дней прошло не денег не товара!!!! Супруга растроена"
positive,"Платье крутое, пришло очень быстро, трек отслеживался, сшито хорошо, но! Оно сиреневое ни как не розовое, что немного меня огорчило т.к брала под определенную обувь, но обязательно закажу другие цвета"
positive,"Спасибо большое все пришло быстро. Кофта красивая и нарядная. Продавец отзывчивый, рекомендую этот магазин."
negative,"Хлопка там нет, жуткая синтетика. Брюки сшиты криво. Середина смещена. Как ни натягивай, сразу сползают вниз. При росте в 1.60 и весе 52кг, короткие. Худшая покупка на Али. Не покупайте. Носить не буду. Продавца не рекомендую. Можно ошибиться с торчащими нитками, но не с пошивом и криворукими лекалами.Если кому надо, забирайте бесплатно. Тел в питере 9219551817."
neutral,На рукаве была дырка
neutral,Свитер очень короткий. Качество оставляет желать лучшего
negative,"Товар долго отправляли. Потом заказ завис на почте при отправлении в Китае. открыли спор, деньги вернули."
negative,Выглядит по-другому.
negative,"качество плохое, на очень низкую ростовку у меня 173 размер Л не подошло"
negative,"Платье заказала размер S, в итоге пришло на размер 48. Качество плохое. С продавцом не общалась. Доставка месяц. Не рекомендую."
negative,Юбка пришла с браком. Изнанка вшита наружу. Носить теперь нельзя. Только распарывать и все перешивать. Низ не обработан.
neutral,короткие рукава
positive,Джемпер действительно хорош. Полностью соответствует фото продавца. Запаха нет. Качество отличное. Доставка быстрая. На российский 44 размер подошел идеально.
negative,"Юбка супер! Супер маленькая!!! Если основные поставки в Россию, то почему размеры на кукол?! Если заказываете юбку, заказывайте больше размера на два!"
neutral,"Свитер соответствует описанию и в отзывах видно, видимо плохо смотрела.. сколько стоит - так и выглядит. Дешевый тяжелый акрил, на рост 164 рукава еле еле, взяла М на 87-63 немного свободно. Доставка до СПб достаточно скорая."
positive,Большое спасибо продавцу. Очень хороший товар.
negative,"заказ пришел с браком, дырой посреди туники. продавец на контакт не пошел. не рекомендую его никому."
neutral,"шло очень долго и пришло с дыркой, хорошо, что по шву, сама зашила"
positive,"хорошие колготки за свою цену. стыки сшиты нормально, доставка долгая около 1.5 месяца до Владимира"
positive,"блузка понравилась, пришла быстро"
negative,"заказ не пришел,но деньги вернули."
positive,"Потрясающее качество ткани. Дошло быстро в СПб. Рукава шикарные, подходят по длине, даже чуть длиннее. Однако, кофта постоянно тянется вверх, по этому приходится всё время поправлять. Конечно, с джинсами с высокой талией будет смотреться круто, я думаю. Большое спасибо продавцу, ещё одна чудесная вещь с али в моем гардеробе с: Кстати, заказывала на размер больше. Обычная практика на али"
negative,"Заказ не получил, не рекомендую!"
negative,"Это Юбка просто кошмар! Больше похожа на клиенку, на улицу выйти стыдно, тонкая тонкая ногтем проткнуть можно. Маломерка,об 100,размер Л не могла натянуть, правда тянется, но тянуть то её страшно, швы поползут. Доставка быстрая, но зачем такая нужна? Жду возврата средств."
negative,товар не качественный! не соответствует разменной сетке!
neutral,"Заказ пришёл всего за 12 дней до Тюмени, на рост 156 чуть длинные но это не критично, но на объем бёдер 97 брала размер s и они оказались очень большими, сидят свободно, и собираются в складки. Хотя материал хороший, тянется и не просвечивает. Жаль что большие"
positive,"Соответствует описанию,посылка отлеживалась,доставка заняла 10 дней до Краснодара,спасибо продавцу,рекомендую"
neutral,"Деньги вернули через спор, блуза пришла синтетика, а я синтетику вообще не могу носить, которая с телом соприкоснётся, потею знаете ли, и вообще, люблю чувствовать себя комфортно! Выбор за вами!"
negative,Ужасная!
positive,"Отличная блузка, всё подошло Рекомендую)."
positive,"Заказ шел до Алтайского края 3 недели, все пришло в целости. Качество нормальное за эту цену. Ткань тонкая, похожа на лайкру, на ощупь приятная, не для зимы, но я и брала для дома. Выглядит как на фото. Заказывала темно-серый цвет. На рост 168 см длина до пола, можно даже слегка укоротить, но решила сначала постирать. На русский 44-46 заказывала размер L, подошел. Резинка в поясе туговата, как ранее и писали в отзывах. Думала, что ее можно заменить, но, к сожалению, она не вставлена в кулиску, а просто пришита двумя строчками к ткани с изнаночной стороны, не хочется распарывать. Надеюсь, что в процессе ношения растянется. С продавцом не общалась. В целом, заказом довольна. Продавцу успехов и процветания!"
negative,"Товар не пришёл , продавец не выходит на контакт . Трек не отслеживается."
neutral,Очень тонкие. Очень быстро образуются катышки и зацепки.
negative,"на вид кофта даже хорошая , но уже в первый день носки отвалились две заклепки. остались дырки . дороговато для такой вещи ."
neutral,Честно говоря качество не очень. Кривоваты швы. и нитки торчат... ну за такие деньги могло быть и лучше. не просвечивает.
negative,"Заказ так и не пришёл ждала больше 2 месяцев, много раз открывала спор, продавец писал что товар придёт подождите, в течении месяца пытались вернуть деньги, он продлевал защиту, в итоге деньги вернули, заказ так и не пришёл"
positive,"нормальное плате, правда синтетика. на свои деньги. смотрится хорошо как на картинке, сняла звезды за доставку. доставили в отделение почты не по адресу, поэтому пришлось побегать."
neutral,"всё бы здорово, но на плече две дырки на самом видном месте"
negative,"Товар хорошего качества, но доставка, это что-то. Товар отправили через МЕСЯЦ после заказа, ужас"
positive,"Платье супер. Сшито, как на меня. Размер 42, рост 164. Заказывала 11.11. (продавец отправил сразу), заказ пришел в Н. Уренгой 27.11. Платьем довольна, цвет, как на картинке. Ткань плотная. Очень узкое, тяжело надевать и шаг широкий не сделаешь.. Есть три маленькие торчащие нитки, но это не критично. Немного собирается по бокам возле подмышек. Пришло без запаха.Продавцу спасибо!!!"
neutral,"Штаны удастного качества. Я не знаю из чего они сшиты, но они по весу как пенопласт, хотя утеплённые. Ткань на ощупь как мешковина. Я их брала чтоб они были как овчины в обтяг. В итоге ткань не облянула, а стала в гармошку топорщится. Как колбаса «вязанка» выглядят на ногах. Размер ххl на русский 50-52. На бёдра до 106 см максимум. Длина по шаговому шву 69-70 см"
neutral,"Качество не айс,все просвечивается,даже на мой рост 156,очень короткий(((не отслеживался,пришёл за месяц. Не советую,кто высокий."
negative,оба рукава были рваные((
neutral,"продавец уже дважды дает левый трек. вещь не получила. второй свитер (другой) тоже. открыла спор, вернул деньги. Но спор умолял закрыть, чтобы не вредить репутации. Чтобы не вредить репутации, не нужно накалывать покупателей, по-моему. бесит."
negative,это не штаны а колготки на флисе.тонкие.
positive,"Товар так и не получила, прошли 90 дней доставки, Али вернул деньги 5 баллов"
negative,"Дорогой друг. Спасибо , что товар пришел быстро, но платье БРАК ! Разные рукава , кривая вышивка. Посмотрите сами. Я бы хотел получить в следующем заказе скидку на следующий заказ в вашем магазине за этот брак. Можно, я что нибудь выберу у вас ? А то моя жена плачет."
neutral,"Заказала чёрную и белую футболку размера М. В итоге белая оказалась намного больше чёрной,хотя на обеих футболках пришита бирка с размером М. На мой 42-44 белая выглядет как L."
neutral,Совсем не ожидала такого качества материала!Но швы ровные.пришёл товар довольно быстро.
negative,"Ужасные джинсы, вонь от них стоит даже после 5 стирки, одеть не возможно!!!! Я очень расстроена, к ним липнет все: волосинки, мусор, ими можно полы вытирать, весь мусор соберут и полы заблестят, с таким качеством ткани и ""Mister Proper"" даже не нужен!!!!! Заказывала черные, на счет синих не знаю...по размеру тоже немного прогадала, если кто очень худенький берите xs...Не знаю может еще раз 5 постираю и запах исчезнет, но думаю после 10 стрирки и сами джинсы исчезнут, не только запах )))"
positive,"Парка,действительно, мягкая, легкая удобная, мех и не сыпется вовсе как и писали.Выбрала Л, на ОГ 92, не стесняет движения и смотрится прикольно! Продавцу огромное спасибо за товар!"
neutral,"Качество норм, но свитер странный ) и сильно пахнет"
positive,"Класс толстовка,мягкая,по размеру подошло,продавец супер."
neutral,"Такое г....о я ещё не покупала, этому боли цена 250 руб, утешает то что брала носить под свитер шерстяной, что-бы не кололся, доставка месяц, трек не отслеживается, хлопок 100%, но низкого качества, размер М на параметры 92-74-92 мал"
positive,Отличное качество и очень быстрая доставка! Спасибо!
neutral,Товар пришел немного в плохом состоянии+ по размеру совсем не подошел.Открыла спор и деньги вернули)
neutral,"Куртка неплохая, швы аккуратные, запаха нет. Выкройка странная, для узких плеч. Брала маме размер не подошёл в плечах жмет, но если брать размер больше будет висеть на груди и талии. Что не понравилось так это доставка. У меня почта в соседем доме и это удобно, а продовец отправляет через сервис доставки декс и они не доставляют по адресу, за заказом пришлось ехать в ближайшее отделение декс, лично для меня стало неприятным сюрпризом."
negative,"Выглядит гораздо дешевле, нежели на фотографии, швы обработаны так себе, материал мягкий, мнущийся, окантовка не кожа и не кожзам, а некая блестящая ткань. Зачем написано , что это шерсть -непонято, это 100 процентов полиэстер. Сама модель интересная, обмытываешься по размеру и на одну кнопку сзади застегиваешься, выглядит неплохо, но неприлично в таком идти на работу, по-моему, как будто какая-то бутафорская ткань, не настоящая)"
positive,Хорошие колготки. Рост до 150 подойдут.
positive,Доставили меньше чем за месяц. Прям как планировала на подарок. Очень понравилось!
positive,"Лосины супер!Закос под кожу,а на деле ткань блестящая-это даже лучше)доставка быстрая."
neutral,качество ни о чем...красная цена 400р
negative,"Товар пришел с оторванным рукавом =(( Очень жалко, потому что качество очень хорошее..."
negative,"Ужасный запах, как от плохого ремня. Ремень маленький был в комплекте в отдельном пакете, но запах пропитал все платье. После замачивания и двух стирок, запах меньше не стал. Пришлось просто выбросить еще мокрое платье. Не мерила, но видно, что на рост 162 см слишком длинное, ниже колен."
negative,Товар не пришёл. Деньги не возвращает. Никому не рекомендую этого продавца. Позор!!!!
positive,Отличное качество! Рекомендую!
positive,"Дошли за 2 недели, мягенькие, к телу приятные, очень довольная"
positive,спасибо
neutral,"Трусики хорошие, размер подошел, на 46-48 заказывала 2XL. Одни пришли с браком -распоролось 2 см на передней части, но поправимо."
negative,"Ожидала более натуральную кофту,чем эта.К продавцу претензий нет."
positive,"Покупаю уже вторые, штанишки хорошие, качественные, но с размером не совсем разобралась, первые купила XL по отзывам, на44-46, оказались прилично велики в талии- 82 см, у меня 70, вторые купила L- 68 в талии чуть-чуть в обтяжку, в общем и целом буду носить и те и те)))"
positive,Хорошие
positive,Все отлично! С продавцом не общалась.
positive,Отличная ночнушка:)
negative,плохо
positive,очень хорошие лосины. Я довольная. закажу еще.
neutral,"Цвет бледнее чем на картинке,более серый. Размер соответствует ,на 44р М сидит свободно. Теплый,но на вид не скажешь о примеси кашемира или шерсти"
negative,ужасный пошив. не успела открыть спор. да и все равно сейчас просят вернуть назад. я бы банила за такой брак. реальное дерьмо. не советую.
neutral,большой мне.качество хорошее шел 3 недели
neutral,"Толстовка тонкая, это синтетика, вроде тут всем нравится ну не знаю уже вторую толстовку заказываю на али у разных продавцов и обе плохие, больше толстовки на али заказывать не буду потому что не соответствуют описанию мне не нравится, что касается продавца то он милый человек очень хороший добрый посылка пришла быстро, но толстовки заказывать больше не хочу."
positive,"Товар дошёл до Челябинска за 15 дней,что меня очень порадовало.Первый раз встретила продавца ,который быстро отправил и доставил товар.Пижама тоненькая как раз для сна,дефектов нет.В подарок продавец положил календарик.С размером угадала.Покупкой довольна!"
neutral,не такая яркая как на картинке
positive,"Посылка пришла быстро,размер подошел,качество отличное Все супер"
positive,"Куртка очень понравилась.Просила продавца сделать воротник и удлинить рукава на 5 см , все сделал как просила. На рост 175 ,вес 96 кг куртка очень хорошо сидит.Продавец очень сговорчивый.Берите не пожалеете"
negative,Товар так и не пришел..продввец продливал защиту 2 раза..но увы (((
positive,Огромное спасибо продавцу!!!Доставка супер быстрая!Меньше 2 недель до Новосибирска. Размер М идеально подошел на рост 171 и российский р-р 40-42.
neutral,Хлопка я там не увидела
positive,куртка хорошая за такие деньги!
neutral,"Доставка быстрая (12 дней до СПБ), товар отслеживался. К сожалению, это все плюсы... качество пошива оставляет желать лучшего (неровные швы и вообще блузка какая-то ""кривая"", маломерит. На картинке всё красиво-а по факту получаешь.... (("
neutral,"Швы, вытачки неровные. На спине сборкой шов с замком. Носить без перешивка нельзя. Заказывала размер М. Подошёл по размеру."
negative,Качество очень плохое.не советую. Стыдно одеть (( Не стоит даже этих денег. Шло очень долго почти 2 месяца.
positive,",потрясающая футболочка))на размер М заказала Л,хбшка)))к телу очень приятная"
positive,Всё хорошо. Пришёл за 2 недели.
neutral,"пришёл заказ быстро,но кофта не айс.ткань вообще ужас,на фото ткань другая и в описании тоже."
positive,"Соответствует фото и описание, очень понравилась рубашка, рекомендую!"
neutral,"Посылка все таки дошла, хотя уже не ждали. Размер подошел. Запах из упаковки ужасно-фенольный. Пряжка ремня сломана. Впечатления от магазина только отрицательные. Продавец начал общаться только после того, как вышли все мыслимые сроки. Покупки на Али делаем давно, проблем не было никогда, пока не сделали заказ здесь. Заказывать что то у этого продавца больше не будем."
negative,when will you send me the goods? You are very much at risk with your reputation and further sales.
negative,"Совсем не такой как на картинке, не стОит своих денег. Воротник неровный, вязка какая-то неаккуратная, такое ощущение, что вязал кто-то на скорую руку. Осталась очень недовольна"
positive,"Доставка 3 дня! Джинсы супер. Плотные, цвет красивый, сели хорошо, только немного боковой шов косит. Долго думала, какой размер брать, читала отзывы, потом увидела, что остался только 25, решила рискнуть, и хорошо, что не заказала больший размер у другого продавца. На мои от 67 и об 90, рост 164, джинсы сели прям по фигуре, с условием, что после дня носки они еще подрастянутся. Джинсы хорошие, хочу еще в других цветах заказать"
negative,"Заказ после оплаты очень долго находился в Китае. Когда посылка пришла - был просто шок. Джинсы были влажные и все в белых пятнах, как будто плесень. Пришлось два раза стирать, но пятна все равно кое где слегка проявлялись. Открыла спор, общалась с двумя продавцами. Одна просила закрыть спор, обещав разрешить ситуацию, другая написала, что не уверена их ли это джинсы. Моему возмущению не было предела. Итог - продавец закрыл спор без привлечения алиэкспресс. Джинсы сами по себе хорошие, если бы не пятна!"
neutral,куртка среднего качества.джинса. не тяжелая.я заказала м. пошив куртки не стандартен.обьем бедер не указан.при моем обьеме 104 см не сошлось на 15 см.обьем груди 102 см .поставила бы 5 звезд если бы хтоть смогла застегнуть куртку. на фото продавца крой куртки прямой.а эдесь сужается.
negative,товар так и не пришел....заказала еще в апреле (((
neutral,"Ткань типа ""плотные шторы"", без подкладки и короткое. Не советую покупать"
negative,Куртку не проучила ! Деньги на вернули ! Не честный продавец !!!!!!!
neutral,Мало
neutral,Обычный халат
neutral,цвет не как на фото а бледнее
neutral,"заказывала пижаму красного цвета, а пришла синяя!! качество хорошее, швы более менее крепкие,ровные, ничего не торчит, ткань приятная к телу. Заказала размер М на рост 170, боялась будет мала,но нет, единственное, в облипку, если хотите свободную ,то берите побольше. к качеству претензий нет, но обидно, что другой цвет(((("
positive,"Тупанула сама, не заметила, что в описании написан размер. Ждала большой квадрат, пришёл треугольник. Очень тонкий. Без запаха. Долго шёл"
negative,"Товара нет, деньги не вернули. Морочили голову"
positive,"На 38 еле налазят, трек отслеживался, запах не очень приятный."
neutral,"Заказываю легинсы второй раз у разных продавцов и опять пришёл брак!!! Затяжки и брак при окрашивании. Легинсы просвечивают, очень видно нижнее белье. Так что не для спорта, а для дома. Но продавец оказался порядочным - вернул все деньги за бракованный товар."
positive,"Как в описании, размер L на 46размер хорошо. не короткие, есть запах но думаю пройдет."
neutral,"похож на zara, но отличнается по цвету и крою. качество ткани хорошее, в носке и стирке, пока не знаю. доставка очень долгая снимаю звезду, и цвет не совпадает с заявленным, крой непонятный, короткий, но думаю растянется со временем."
negative,"своих денег совсем не стоит, за 200 рублей можно заказать лучшее качество. очень жесткий и не приятный к телу,размер совсем не соответствует заказывала л подошел на с. товар пришел с браком и продавец не хотел возвращать деньги. деньги вернул али. продавец мошенник,не заказывайте"
positive,"доставка почти 1,5 месяца. на дочь 12 лет - отлично."
negative,"Так и не пришли, продавец вернул деньги"
positive,"Спасибо большое продавцу, качество супер. доставка быстрая. и спасибо за подарок (очки)."
positive,я ношу размер 42-44 советую заказывать L. качество отличное.
neutral,"Трусики выглядят хорошо, но так воняют химией))"
neutral,"Платье не соответствует тому, которое на фотографии. Воротник-воланы плохо лежат, - не так, как на фото. Качество - тонкая синтетика, на фото - плотная ткань. Думала, что можно носить зимой, на самом деле - нет, тонкое, только на лето. Смотрится дешево. Шло очень долго, я думала, что придет к Новому году, но пришло 10 января. Отправили 17 ноября. Размер подошел."
negative,Это ппц девочки! На 42 размер он огромный! Ужасно сидит. Так еще и с дырками и нитками торчащими. Шел оч долго. Не советую. Г полное
negative,"плохое качество кофты, не так как на фото. быстрая доставка"
positive,"толстовка огонь!!! на мой 44-46 с размером угадала, все отлично!!!"
negative,"Качество ткани оставляет желать лучшего, просвечивает нижнее белье"
negative,"товар шел больше 4х месяцев, но так и не пришел. продавец вернул деньги"
neutral,"Очень короткая, как на куклу"
neutral,"В целом сорочка хорошая, ширина и длина как в описании, однако ткань очень сильно электризуется"
negative,"Просто кошмар ! Ждала больше двух месяцев , так и не пришло . Но хоть деньги вернули"
positive,"после примерки , немного выше в талии , чуть тянет, хочется отдернуть вниз, качество нормальное, очень глубокий разрез в области декольте, все решаемо , в целом не плохо"
negative,"Мне вообще ничего не пришло! Надоела, если не доплачивать за epaket, то каждый третий заказ где-нибудь теряется! Пожалуйста, улучшите свои службы доставки. Это совсем никуда не годится. Снова потеряла деньги."
positive,"Честный продавец! к сожалению заказ не пришел, вернули деньги."
positive,товар пришел за 2 недели. куртка просто бомба! качество отличное! рекомендую!
neutral,"Получила товар в Екатеринбург спустя месяц после заказа. В принципе, товар пришёл как на картинке, но на 44 размер заказала xl, и он мал на грудь 2 размера. Влезть можно, но всё настолько сдавлено, что груди будто и нет, бедра очень свободные. На рост 165 до середины бедра. Кое-где торчат нитки, но это не критично. Хлипенькие лямки."
negative,Шарф очень тонкий.Обычная тряпочка.Кашемиром и не пахнет.Я не довольна.Носить только летними вечерами.На Урале такой не надеть
negative,"Пуховик на самого хорошего качества,синтепон,не перо,скроен не правильно,особенно заметно по рукавам,низ вообще стоит как колококол,придётся переделывать(("
negative,"Заказ ждала 3 месяца, но он так и не пришёл."
positive,"Заказ пришел в Питер за 16 дней. Резинки большие. Ожидала цвета, как в каталоге, но мне достались такие."
positive,У меня размер ноги 37-38 сели плотненько. Хотелось бы чуть-чуть больше размер. Носить буду! Думаю на размер 36-37 будет идеально.
negative,"Ждала долго товар не пришел, деньги вернули"
negative,"Товар не пришёл, заказывала его уже 2 раз, правда у разных продавцов и, так ни один из них не пришёл. Продавец не отвечал на вопросы.. обидно, я так хочу такую маечку.."
neutral,пришел товар. качество соответствует описанию. но размеры маломерят. пришло быстро
negative,"Размер не совпадает , нитки торчат отовсюду, около молнии была дырка!!!Очень разочарована, после таких заказов с алиэкспрессом связываться нет желания больше!"
negative,товар ждала 4 месяца. так и не пришел. деньги не вернули
negative,"я его так и не увидила.Товар не получила,но деньги вернули."
neutral,"Товар пришёл быстро, свитер широкий, но короткий, по размеру почти подошёл. Мягкий на ощупь, но ненадежный."
neutral,"Мне не понравилось! Материал отвратительный. Цвет пришел бежевый, а на фото был цвет шомпанского. Сорочка очень короткая, еле попу прикрывает"
positive,"трек не отслежевался, но носки крутые буду заказывать еще"
negative,"Ужасный продавец!!!! Не заказывайте, не теряйте времени, всё равно не отправит товар. Сделала заказ 11.11, продавец дал левый трек номер по которому посылку получили в 2016, далее начал врать, что отправил посылку и т.д. Написала в службу поддержки клиентов Али, открыли спор, выйграла!! Сейчас жду деньги! Обидно, что до сих пор на Али есть такие ужасные продавцы. Надеюсь мой отзыв вам поможет."
positive,"классная рубашка. сшита хорошо , размерная сетка верная. пришла быстро ."
negative,"Комбинезон приехал быстро в Спб.По качеству хороший,но на рост 170 оказалась короткая длина.Заявленных продавцом 99 сантиметров по длине нет!Плюс фасон такой,что комбез выглядит именно коротким,а не модно-коротким.Я расстроена.Это похоже на обман,потому что разница не 3 см,а намного больше."
positive,"Заказывал 22.06.17 пришло 4.07.17 Качества отличное жене понравилось. Размер подошел отлично. Цвет яркий насыщенный,ткань мягкая приятная телу."
positive,Послыка пришла быстро. на р 40-42 села идеально. неприятного запаха нет. послыка после таможни не отслеживалась но это не страшно. спасибо продавцу.
negative,"Качество ужасное, швы не ровные, нитки не обрезаны. на фото смотрится лучше."
neutral,"Не соответствие размера,на размер L я заказала xxl,халат даже не запахнулся. очень короткий,попа полностью открыта (рост 170см мой),но зато очень быстрая доставка.написала продавцу в ответ мне пришел только смайлик)"
positive,шикарный топ
neutral,"Куртка супер,только искусственный мех Который пристёгиваются к капюшону имеет меньше перелез чем пуговиц придётся самой пришивать(((("
neutral,Размер не тот
positive,"пришло в хорошем состоянии.Померила,но размер оказался мал. Эх"
neutral,Очень тоненькая синтетика.Как ветровку не пойдет.Куда в такой ходить не знаю.Лучше купить рубашку.
neutral,"Заказал белые в мелкую сетку, черные и фиолетовые в среднюю. Все разных размеров, белые были размера на девочку лет 10. Качество так себе, по факту одноразовые. С размерами вообще не понятно как быть."
positive,оно стоило подозрительно дешевоБ но ярешилась и не пожалела))) идет долго ОЧЕНЬ однако того стоит
neutral,блузка не соответствует размеру
negative,"Не свитер, а тряпка. Очень недовольна. Просила продавца вернуть часть денег, так как посчитала что цена за такое отвратительное качество слишком уж высока. Продавец отказал. Открыла спор, деньги вернули. Спасибо Али экспресс! Свитер категорически не советую!"
negative,Так и не пришли мои штаны !!! Продавец не хотел возвращать деньги(урод) хорошо в спор вмещался алиэкспресс и вернули деньги . Не заказывайте!!!
negative,не соответствует размеров в сетка. оказался очень маленьким. на ребенка
neutral,как обыкновенная длинная футболка подходит только для сна
negative,"Заказала размер L. Пришло очень быстро, верх подошел отлично, но вот низ просто крошечный. Написала об этом продавцу, изложила ситуацию, прислала фото трусов на мне (они не лезли выше колен). Попросила вернуть сумму за половину комплекта, так как одну половину носить можно, а вторую нет. Продавец отказался возвращать деньги и начал меня убеждать в том, что я не верно заказала себе размер. Ну-ну. В общем и целом - не рекомендую."
negative,"Мне очень нравится магазин, давно хотела заказать, и другого такого магазина нет, заказав здесь в первый раз, продавец прислал трек, начало отслеживаться, и отправка отменилась. Много времени ушло впустую. Спор принял. Но мне очень обидно, такие вещи негде больше заказать"
positive,доставка быстрая...товар отличный...все как описано
neutral,"заказала цвет белый, прислали зеленый...размер 5 хл на 50 рус.не в обтяг, но грудь нужна см.120, не меньше！"
neutral,"рубашка хорошего качества. Но маломерка. На мой 46-48 L не подошла.Таблица с размерами не совпадает и длина самой рубашки тоже, она на много короче. Главный минус очень узкие рукава и очень короткие. На себе застегнула)) и посмотрите что получилось на фото. Спор выиграла. Продавец сказала что она мне очень подходит .....ха ха"
positive,все хорошо . надеюсь дочери понравится
neutral,"К сожалению я не угадала с размером, недооценила себя и заказала s, а нужно было m!!! Платье меня обтянуло, как сосиску, это видно на фото...(( не знаю теперь что с ним делать и буду ли я его носить. Ещё раз повторюсь, это не вина продавца, а мой недочёт."
negative,"Крайне недовольна заказом. Джинсы длинные, широкие, ткань такая себе. Заказ шел очень долго."
neutral,жестковатый материал если сравнивать с этой же моделью в другом цвете
neutral,"Доставка заняла 19 дней. На самом деле блуза гораздо короче, чем выглядит на фото. К телу мягкая, приятная. Но пришла с какими-то жирными пятнами в области живота, чем меня и огорчила..."
neutral,Ткань действительно выглядит дёшево.доставка быстрая
positive,заказываю второй раз все нравится приятные к телу и смотрятся ах!!)) об 98 хл как раз!)
negative,"размер не соответствует, ХХХL - на ребенка 9лет"
positive,"хорошая базовая футболка, на 46 хл не в облипку, но и не оверзайз. немного светится."
negative,"Брюки поишли очень быстро, принесли на дом, что очень приятно. Но качеством самих брюк недовольна, при носке лезет пух очень сильно. Ношу уже несколько дней и постоянно надо очичать брюки от пуха. По ращмеру подошло хорошо. Открыла спор с продавцом, ответили быстро обещают вернуть часть денег. Жду. Дочери заказала у этого же продавца, но подешевле, и брюки оказались по качеству лучше!!"
negative,Совсем не то что ожидала. Просто майка с кружевом.
positive,"рубашка соответствует описанию, не шедевр, но за свою стоимость пойдет, размер М на S-XS сел хорошо, длина самой рубашки и рукавов хорошая на рост 160, упакована хорошо, доставка меньше месяца"
positive,"Платье хорошее: тонкое и при этом достаточно плотное. Дошло достаточно быстро - за 3 недели, несмотря на Новогодний ажиотаж и Черную Пятницу. Из недостатков: немного торчат нитки и выделяет недостатки в области живота и бедер, но у меня они значительные: после беременности. В целом, товаром довольна!"
positive,"Шапка пришла где то за месяц, качество нормальное, но пахнет ужасно"
negative,"Очень низкого качества материал, это не атлас"
negative,"Утонула в куртке. На бюст 95 заказала 3хл, нужно было брать хл. Продавец хоть и уточнил параметры но не предложил другой размер. Очень разачарована."
neutral,"Свитер пришел поврежденным, сбоку шов был распорот. Очень маленький размер, хоть на сайте указан «один размер», я рассчитывала на какой-то средний (М), а пришел S. Цвет серый поношенный, не такой как на картинке. Расстроена."
positive,"Очень классная, мне понравилось, материал мягкий, буду заказывать еще"
neutral,"Маленькое, не понравилось"
neutral,"По размеру оказался мал, на рост 1,64 натянуто, плохо застегивается на липучки."
neutral,"взяла L для себя на 46 размер. Подошло ребенку на 147рост 9 лет. Материал с запахом и синтетика, тонкая как стекло, тянется и просвечивается."
positive,"блузка хорошая,подошла по размеру,хотя заказала на размер меньше,написала продавцу просьбу отправить на размер больше,в чем не отказал.ставлю 5 звезд,спасибо!буду заказывать еще!"
neutral,"Заказывала размер Д, это ни о чем. Ни на какой Д то, что пришло, не налезет и ничего держать не будет, хотя липнет ОЧЕНЬ крепко. Даже и не знаю, приходится ли и как будут после стирки сохраняться липкие свойства."
positive,"У меня нет слов, насколько это платье шакарно!!! Сшито очень аккуратно, ткань наощупь приятная, сидит платье просто превосходно. Доставка - 20 дней, трек отслеживался. В общем, это любовь с первого взгляда... на платье . Друзья тоже оценили. Дажа этикетка была шикарной! Продавец просто супер! рекомендую его и его товары!"
positive,"На бедра 83 см подошел XL, не сильно облегают. Но длина коротковата оказалась на рост 162."
neutral,"товар не получила,вернули деньги"
neutral,"Длинные лямки и верх платья криво просшит, придется отдавать в отелье чтобы перешили."
neutral,"Резинки впринципе не плохие, но кажется, что быстро растянутся.За эту цену сойдут. Кстати, пришло не 100,а 98 резинок."
neutral,"Ткань очень мягкая, очень приятная ! Но размерчик это вообще нечто! Я ношу s-xs , и в итоге размер м смотреться на мне не то, чтобы маловато , похоже на то, что я это кардиган у ребёнка 4 лет отняла!!! Он мне по живот, очень короткий, думайте сами ребят"
positive,"Джинсы суперские,вот только маломерки (((заказала размер L,оказались малы,и плохо тянуться .а по качеству и внешнему виду,очень даже хорошо за такую цену"
positive,"Быстрая доставка. Платье соответствует описанию. На рост 176, размер М до колена, даже немного прикрывает. Полностью по фигуре, на параметры 85/63/92"
negative,"Товар так и не пришёл,попросила вернуть деньги,но продавец уверяет что товар у меня на почте,защита закончилась уже несколько дней назад,спор закрыл и сказал ждать"
positive,"Спасибо) тёплые и мягкие носочки! заказала 12/09 пришли 06/10 до Новосибирска . Все отслуживалось, продавец разговорчивый."
neutral,...и даже не искусственная кожа((
negative,"Очень короткая кофта, сильно в обтягивает, на мои параметры 95 о.г"
negative,на самом деле это выглядит очень не красиво.
positive,"рубашки отличные, качество супер) советую. на ог-87 и от- 62 подошли L ."
negative,"Короткие на размер 163, как подстреленные. Зрительно укорачивают ноги и увеличивают зад. :-/"
negative,"куртка ужасная, швы прошиты плохо,мех ободранной кошки."
negative,ЖДАЛА 2 МЕСЯЦА .ТОВАР ТАК И НЕ ПРИШЕЛ.ГРУСТНО
positive,"Классное платье! Все точно как на фото. Выписывайте не пожалеете. На 54-56 выписывала 5 хххх. Качество хорошее, все ровно прошито. Советую!"
neutral,в плечах велико
neutral,Эх. Один раз постирала и она испортилась. Вся краска смылась. Размер взяла М на параметры 85-62-89. Шорты на маленькие бёдра.
negative,пришли с двумя дырками. (((
neutral,"купила два платья одинакого размера хл. отправил обычной почтой, а указано е-пакет. пришли платья на бирже хл, а по факту маленькие, но одно меньше еще другово.фото прокладываю с замерами. просила у продавца скидку 30% при покупке нового платья но большего размера, сказал только 20. открыла спор. очень сильно маломерят. не рекомендую."
neutral,"Жилетка теплая, но есть несколько минусов: по спине топорщится, нет выточек, придется отдавать в ателье; воротник -большие лопухи -придется ушивать, и надо постоянно чистить жилетку все липнет и на подкладке желтые разводы или пятна"
positive,"спасибо, платье красивое соответствует фото"
negative,"Ужасные трусики.. шнуровка полная противоположность.. на фото секси, в Реале похороны"
negative,"В описании написано джинсы зимние, следовательно утепленные. Пришли джинсы обычные весенне-летние."
negative,Nothing I did not send anything! Rogue!!
neutral,"мне не понравился. На большой груди не красиво смотрится, больше для дома подойдёт."
negative,описание не соответствует действительности
negative,"Дешёвая синтетика, почему никто ненамисал об этом, как можно себя так неуважать. очень плохо"
neutral,качество очень среднее
positive,"Качество кофты отличное, пришла за месяц, но размер хотелось бы немного меньше. Заказывала 2 кофты размера xxl, но они пришли разных размеров, винная впритык, а бежевая большевата. Не открывая спор, написала продавцу. Сразу ответил, решил вопрос, дав купон в его магазине."
negative,"получила свитер где-то через месяц. покупала за 757 р. был жуткий запах, который не прошел после стирки. Потом заметила на рукаве огромную дыру. написала продавцу, но он лишь обещал вернуть деньги, но не вернул. обманщик. не рекомендую."
negative,"Ну что ж.. Полное разочарование. Даже можно не комментировать, на фото все видно, и кривые швы, которые уже распускаются, и куча ниток. Несимметричные передние швы ( ну как такое носить?). Будет домашним платьем на дачу. По спору вернула большую часть стоимости."
negative,"прошло три месяца, а так и не пришел"
neutral,велика. большемерит. нужно заказывать на размер меньше.
positive,доставка могла быть и лучше
neutral,"Не оправдал мои ожидания. Заказала М-ку, видимо, очень маломерка!"
negative,размер не соответствует таблице. Бретельки оторваны
neutral,"куртка кривая, одна половина больше другой, пароллон торчит местами, рукава тоже кривоваты, продавец предлодил вернуть 3долл., спорить у меня времени нет, поэтому согласилась, носить не буду, к доставке претензий нет, но о покупке жалею и рекомендовать не могу.."
positive,"Доставка быстрая,20 дней,юбка хорошая,но большеватая на 44 размер,М-ка была бы в самый раз."
positive,"очень хорошая шапка,качество отличное для такой смешной цены,доставка быстрая,цвет как и на фото,спасибо буду заказввать еще."
neutral,"Самой вещью в принципе я довольна,единственное ..заказала 6xl рассчитывалась что подойдёт на рус.54,но увы мала где-то 50-52"
positive,Размер точно соответствует размерной сетке продавца. Очень быстрая доставка. Рекомендую продавца.
neutral,"не качественный материал, грудь не держит"
neutral,"Платье в принципе не плохое, но у вас один минус не пришёл пояс, поэтому мой товар был не точным"
neutral,"Размер М на русский 44-й сел впритык, поскольку ткань вообще не тянется. Пошита ужасно, строчки неровные, причем на видных местах. Расцветка на фото красивая, нежная, в реальности же выглядит мрачно, зеленые лепестки на цветах имеют какой-то болотный цвет и портят всё впечатление. Посылка шла около месяца до Краснодара."
negative,марля
neutral,размер s оказался большим
positive,Штаны отличные! но доставка СДЭК оооочень медленная
neutral,"Всем привет, товар получила быстро, на рост 175 малы, брала самый большой размер, очень большой вырез, на 48 размер будет хорошо"
neutral,"Очень долго шла посылка,трек не отслеживался"
negative,"свитер не понравился вообще! размер огрномный для роста 158 ОБ 83, в груди топорщиться! одним словом ГОВНО!"
positive,"Классное, но очень короткое, полпопы видно на рост 170"
positive,"Довольно плотные штаны, удобные, смотрятся хорошо. Лучше брать четко по размеру (чтобы комфортно влезать в них, поскольку они действительно плотные)."
neutral,Качество товара на 3. Больше не буду покупать такой товар.
neutral,качество не очень
negative,"Заказала 2 товара, продавец быстро отправил посылку, указав, что оба внутри. По факту этого заказа в ней не оказалось. Открыла спор, продавец не отреагировал, но вмешался Али Экспресс и решил в мою пользу, за что им огромное спасибо. А продавец не совсем честный."
negative,"продавца предупредила,чт об размер был на взрослого человека,а именно 56р.головы.Прислали шапки одна меньше другой,для 2-3летнего ребёнка.Одним только довольна-это расцветка.Не рекомендую продавца,так как он не слышит просьбу от покупателя.Это моё мнение."
negative,не пришло и спор не успела открыть
positive,"Отличная куртка, хороший цвет, до -10 вполне подойдет. XXXL подошла на 48 размер."
positive,как всегда блеск. ношу размер 46. ог 92 от 75
neutral,Товар не пришёл. Деньги вернули
neutral,очень короткое спереди. на рост 167 размер М прям очень коротко!
negative,я получила очень быстро .но не мой размер и штаны шнурки оторваны я не довольно своим заказам размер маленький я не везло . я расстроилась .
neutral,"Не ровный крой, торчат ниточки."
neutral,Доставка быстрая.Большой минус В куртке подкладка Синтетика и размер маломерка.
neutral,Not good quality
negative,"Я не получила товар, а продавец перевёл статус в подтверждение получение товара (((( открывала спор, что товар мне не нужен, деньги не вернул, так еще и решил, что я получила. Отвратительное отношение. Не буду больше заказывать у данного продавца(((("
neutral,"платье пришло маленького размера, хоть и стоял L. низ платья был весь изрезан кусками и порван , на что продавец ответил что так и должно быть. сшито криво. сзади внизу стык у кружева разный. открыла спор , Али вернул деньги , не советую ни платье , ни продавца!!!"
positive,"Замечательно! Прикольный летний плащик. На свой 50р. самое оно, подол только как накрахмаленная юбка, постирать надо, боюсь подсядет, но это хлопок, не избежать. Доставка не быстрая, но в указанный срок. Продавцу спасибо!"
neutral,"Куртка красивая качественная. Но размер не соответствует описанию. У продавца другие параметры. На самом деле о.г- 106, о.т.- 110, о. подола- 114. На мои параметры 95-83-105 в груди хорошо, а в бедрах маловата. На бирке 48 р., но на самом деле куртка 46р"
negative,Не хлопок. Деньги не вернули
negative,"Пришла с пятном, но отстиралось. Синтетика, но на флисе, за такие деньги неплохо"
positive,Все отлично!
neutral,"мало, очень прозрачный-на фото у продавца этого не видно.брала на работу.даже если бы подошла,носить не стала бы.увы"
neutral,"Мне пришли все 4 пары носков, но 2 из них очень маленькие на вид, хотя они хорошо тянутся, поэтому надеюсь они будут по размеру"
positive,"куртка супер!!! тонковата правда, но за такие деньги -отлично! советую на 48 брала хl подошел идеально!!!"
positive,"Куртка просто супер, пришла за три недели. выглядит классно. Она конечно не на сильные морозы, но при нуле нормально. Вообще у меня размер XS, заказала M и она по фасону достаточно свободная но я так и хотела, при том что рукава не длинные а как раз. В полном восторге, коллега в магазине такую же другого цвета купила за 4500, я взяла по акции за 1600. Рекомендую товар и продавца."
negative,"На фото на жопастых крупных моделях смотрится почти как платье. На деле же малюсенькая короткая кофта из скрипучей некачественной синтетики. Рукава короткие для роста 170 и узкие, хотя руки стройные. Ворот совсем не тянется, узкий и жёсткий. На 96-73-96 кофта смотрится совсем впритык, а хотелось красивый длинный просторный свитер как на модели. Полнейшее разочарование."
negative,"своих денег не стоит - даже края не подшиты, и шов на рукаве разошелся"
negative,заказ так и не был получен.продавец дважды продлевать время отслеживание.а итоге при продлении обязательно забудешь.некомендую покупать товар здесь
negative,Заказ не пришёл. Продавец не отвечает на сообщения. Возврат денег делать не хотят. Не советую этого продавца и этот товар.
positive,"Прекрасная рубашка. На 42-44 М села прекрасно. Дошла быстро, без брака, все замечательно. Спасибо продавцу."
negative,"Продавец обманщик! Я по своей глупости заказала в этом магазине несколько вещей, ни одна посылка мне не пришла! Советую вам обходить стороной данного продавца, таких бессовестных еше не встречала! И самое смешное, что он в личных сообщениях ещё требует хорошего отзыва о своём магазинщике!!!"
positive,"классное, мне нравится,доставка месяц"
neutral,"Товар не пришёл, деньги вернули ."
positive,"Красивые колготки. Качество отличное. Вверху и там, где пальчики рисунка нет, обычные колготки. Более подробно http://m.itao.com/detail/show.htm?postId=4000000489595443"
positive,"Товар соответствует описанию. Качество хорошее. Спасибо, продавцу."
neutral,"Товар шёл около полутора месяцев или более, не отслеживался (только спустя две недели после отправки оказался почему-то в Литве), продавец продлил срок защиты через неделю после отправки. Качество - нормально, но и без восторгов (кривые швы, торчащие нитки - не критично, но неприятно). Ткань тянется, но к телу не очень приятная."
negative,"Пришли после того, как срок защиты закончился. Камни все отваливаются, даже ещё не меряла. Не понравилось мне. Носить я так их не буду."
neutral,размер на ребенка 8ми лет...
positive,Все как в описании продавец молодец !
negative,Вообще не пришли .......
neutral,"Пришло немного не то, что ожидала. По цвету не соответствует и модель другая. Брала размер L ( объёмы : 86, 66, 96) оказался немного большой , особенно рукава"
negative,"Hello! Dissatisfied: the size is very small, but on the right leg is not sewn seam"
neutral,"синтетика, немного сказалась от первой стирки. Что будет дальше незнаю..."
neutral,"цвет не бежевый и не белый,ближе к желтому, такой цвет не подошёл"
neutral,Подойдут только невысоким девушкам :(
positive,"Корсет по размеру подошёл, посылка долго шла на Камчатку, хотела продлить защиту, продавец продлил срок защиты сам, спасибо продавцу за это, рекомендую )))"
positive,"Товар пришёл хорошего качества, по размеру. Без какого-либо запаха."
positive,Супер супер супер! Села идеально! ткань прекрасная!мягкая! стрейч
neutral,прислали не тот цвет . немного велики
neutral,"качество ужасное, материал синтетика,цвет бледный. посылка дошла быстро, но все остальное просто ужас."
positive,it´s exactly as described. Loved It!
neutral,"размер подошёл идеально,но на спине ткань гармошкой,ужас"
positive,"Платье отличное. Доставка быстрая. Качество супер, мягкое, тонкое, но не просвечивает. На лето. На русский 48-50 XXL село отлично. Рукова длинноваты - подошью. 5++++++"
negative,"Никогда,не заказывайте у этого продавца! Посылку мою потеряли, спор был закрыт на договорённости возврата денег стечении месяца было обсуждение! Ещё месяц мне обещали вернуть деньги!!!! Затем они объявили,что повторно отправили товар!!!! Продавец врет!!!!!!! Не попадайтесь на его уловки!!!!!"
neutral,"Пришли быстро, но качество ужасное, все изъяны что есть на теле будут видны, так что девочки не советую очень тонкие и ещё, одна штанина больше другой"
negative,"Заказывала с купоном продавца.Монеты потрачены,заказ не отправлен.Деньги вернула через спор.Очень недовольна."
positive,"Отличные трусы, на ОБ 92, размер L подошли отлично, мягкие, не линяют, в подарок положили резинку для волос, спасибо!"
negative,"плохой товар маломерка, торчат нитки не соответствует размеру+ ПЛАТНАЯ ДОСТАВКА, грубый."
positive,"Ставлю 4 звезды, потому что не ожидала, что шапка будет выглядеть настолько дёшево, моя ошибка, что сделала заказ. Не рекомендую, трекер отслеживался"
positive,прелесть трусики
positive,как всегда все отлично
negative,"Платье не соответствует тому. что на фото. В реале - просто ночнушка из дешевенькой ткани. Цвет другой, светлее намного. Качество ткани отвратительное, не как на фото. Сшито не трапецией а прямоугольником. Волнистых складок (как на картинке) нет и с такой тканью их быть не может. С тканью наэкономили, такого объема, как на фото, нет и коротковатое. Короче, целенаправленный ОБМАН! Продавец целенаправленно вводит покупателя в заблуждение с помощью фото, которое не соответствует рассылаемому товару. На фото - одно, в реале - говно. Ясень пень, что цена бросовая, никто спориться не будет... похоже, китайские друзья уже научились ""бизнесу""."
neutral,"кофта маломерка взяли размер L рукова на рост 170 короткие, у дочки грудь 89см широкие плечи в облип"
positive,"классное платье. очень красивое. на рост 160см не короткое, до середины бедра. даже если укоротить брительки ( т.к. они длинноваты) будет в самый раз."
negative,кофта очень плохо сшита. везде торчат нитки. не хватает клепок. полный брак.
neutral,"На фотографии в интернет магазине смотрится иначе (намного изысканнее,чем в действительности).Качество изделия среднее .Подгибка срезов футболочная (обметали край ,а затем подшили )Трикотаж очень тонкий .Вообщем,не айс ....(( Чтобы реанимировать эту кофту ,придется привлечь свою творческую фантазию.Что и собираюсь сделать в ближайшее время .Можно ""обыграть"" рукава и низ изделия красивым кружевом или фактурной тканью !(чтобы скрыть футболочную строчку)Творчески поколдую и надеюсь достигну-таки достойного результата !) Для не привередливых покупателей,товар может и придется по вкусу ...А вкусах,как говорится,не спорят !:-) Всем Мира и Добра !"
neutral,Синтетика.
positive,малорит на размер. А так все норм
positive,ВОДОЛАЗКА СУПЕР ОЧЕНЬ ПОНРАВИЛАСЬ
positive,"Мои размеры 84/72/89. Заказала l . Все подошло, немного узковато в плечах, но не критично. Куртка тёплая, но не зимняя. Довольно хорошего качества, всё аккуратно прошито. Резинка для волос в подарок, приятно. Рукавв и низ куртки на резинке. Капюшон пришит не отстёгивается, высокий воротник, не очень удобно если шея коротковата. За такую цену, вполне довольна."
neutral,"Расстроена качеством шитья. С изнанки один шов вообще не был прострочен, сзади платье короче, чем спереди."
positive,"Блузка хорошая, в точности, как на картинке продавца. На российский 44 размер заказала L, подошло идеально. Имеется второй слой ткани под блузой, что несомненно обрадовало, так как на работе строгий дресс-код и прозрачные вещи носить нежелательно. Пошив хороший, неточности я не обнаружила. Доставка сверхбыстрая до Астрахани, заказала 22.08, 2.09 уже у меня в руках. С продавцом не общалась, не было необходимости, но думаю он доброжелательный))) . Заказала у него же уже другую блузку, надеюсь также не разочаруюсь))) В целом за все 5 звёзд!!!"
negative,"Описание типа материала не соответствует действительности,спор не одобрили..."
neutral,не получила. ждала очень. деньги вернули спасибо
positive,"Куртка красивая, как на картинке. Швы все ровные, нитки не торчат. Подклад маленько неравномерно. Продавца рекомендую, упаковал хорошо, отправил быстро!!!"
negative,товар не пришло. открыла спор
neutral,"вязка красивая, но все впечатление портят непонятные уши по бокам"
negative,Колготки не пришли. Наихудшее общение с продавцом. Безответственный продавец. Не рекомендую у него брать.
positive,Накапливает статическое электричество и немного бьёт током.
negative,"размер не соответствует, рукава нормальные, все остальное на куклу, заказ пришел быстро, деньги тоже вернули быстро"
positive,"Была по размеру, после деликатной стирки, сселась. Качество среднее, вообще в ней тепло. Мне модель пошива не понравилась."
positive,"хорошие носочки, на мой 39й как раз, не знаю насколько хорошо будет держать силикон, после носки расскажу"
neutral,"заказ шел около 2 месяцев. товаром не очень довольна. это не платье, а свитер длинный, чуть ниже бедра. заказала L на свой M пришло велико и коротко. да еще и забирать пришлось в городе, а не на почте как остальные заказы."
neutral,"джемпер колится на голое тело не одеть,размерная сетка не правильная"
negative,на русский 52 катастрофически мало((
neutral,"Ткань тонкая. Сложно одевать, не расстёгивается сбоку, а через голову сложно влезть. По длине мал."
negative,"товар не пришел. деньги вернули. жалко , очень ждала эту кофточку"
negative,"Не пришли спустя 3 месяца. Просят подождать, якобы не виноваты они в работе почты. Открыла спор, вернула деньги. На самом деле ничего и не отправлялось ((("
neutral,больше похоже на халат дамашниц
negative,"Товар не получила. Сначала продавец говорил ,что все хорошо. Он близко. В итоге пишут ,что доставка не удалась. Продавец игнорит. Ужас. Не советую!!!!!"
positive,Качество нормальное. Размер подошел. Правда на одной штанине небольшое белое пятно.
negative,"Ужасная юбка, даже стыдно ее кому-то отдать просто так, чтобы не валялась. ткань тонкая, полупрозрачная синтетика, для юбки вообще не годится. нет я не против синтетики не в коем случае, но это.... в общем не советую ни в коем случае! не тратьте деньги и не путайте надежды! если кто из Уфы и кого интересует, отдам без проблем"
neutral,Плохое качество
positive,"Заказ пришёл за 2-3 недели. Есть небольшой запах! Надеюсь, после стирки пройдёт! Пока не примеряла, но тянется хорошо!"
positive,Супер! Очень хорошо выполнено и размер соответствует!
negative,Заказ не доставлен. Продавец сам закрыл сделку. Жаль.
positive,все супер
positive,"на 44 взяла м, в районе подмышек придется ушивать, слишком сильно ткань провисает"
neutral,"заказ пришел быстро трек отслеживался, не понравился цвет заказывала другой а так всем довольна"
negative,"товар не пришел,но продавец вернул деньги :°("
negative,"Товар не пришёл, но деньги вернули.спасибо"
neutral,"Очень коротко, только с шортами...((("
positive,Белье без сформированной паролоном чашки. Есть тонкий слой паралона. смотрится очень хорошо.
positive,"для таких денег вполне нормально. немного просвещается, но не критично. пришло как по мне быстро, около месяца."
negative,"Кофта пришла. но совсем другое, не то что на фотографии. 1. она больше серая чем чёрная (заказала чёрную). 2. полосы из другого материала, ожидала что будут из ткани. 3. шнурок как будто с кроссовка сняли."
neutral,Качество кофты ужасное голимая синтетика.
positive,Заказала чёрные во второй раз . И снова мимо с размером (( 38 на 46 мал очень. А 42 размер наверно на 48-50. Короче провал ))) больше рисковать не стану . Ушью может
negative,это чистая синтетика кашемиром даже не пахнет у нас в магазине точ такоеже говно за 300рублеи продают .И стоело месяц ждать? жаль что вы обманывает честных пакупателеи .Не советую не кому этот продукт!!!!!!!!!
neutral,После стирки окрасился и порвался
positive,"Очень качественная ночношка, хорошо пошита, хлопок. Покупала, чтобы носить дома, но промахнулась с размером: ориентировалась на ширину плеч, а надо было на ОГ. Очень уж она свободна, к тому же расширяется к низу. Но за качество и скорость доставки спасибо."
neutral,"на товаре были заметные пятна,а так все вроде нормально"
negative,"Отправил заказ другому человеку , деньги вернули"
neutral,"заказ так и не пришел, но деньги вернули))"
positive,"Клевые,как лосины.заказала М"
negative,"Начнем с того, что они пришли черные, а не синте как я заказывала, плюс полное отсутствие обещанного «теплого бархата» и я отдала 960р за лосины которые могла бы приобрести ну руб за 500 максимум..."
positive,"Тренч очень понравился,на параметры 114-100-116 подошел отлично!Доставка быстрая!Большое спасибо!"
negative,продавец не вернул деньги и без моего согласия закрыл спор!
positive,"Доставка около месяца, курьер вручил в руки. Мягкая, приятная на ощупь внутри и снаружи. На обычный XS-S подошёл M. Не сильно тёплая, скорее на позднюю осень. Шея никак не прикрыта, но это решается шарфом или свитером с воротником. Как будет носиться - посмотрим."
negative,"отправили посылку на другой адрес , в итоге ни топа ни денег"
positive,"Качество не очень, но плотная и милая! Пришла быстро, всем советую)"
positive,"Качество хорошее. Брали на рост 176,вес 75 размер М, немного длинноват. Так что берите S. Доставка, не смотря на праздники, 2 недели. Это очень хорошо."
neutral,футболка на 3 .ладно на дачу пойдет.
neutral,"Все видно на фотографиях. Немного разочаровалась. Шарфик тёплый и мягки :3 и очень большой, можно укутаться"
neutral,"На бежевом черные строчки, не очень аккуратно сделаны швы на бежевой ткани"
negative,"первый раз заказала не пришло,но деньги вернули, второй раз заказала деньги не вернули и заказ не пришёл"
negative,"Мне прислали юбку совсем не того размера, заказывали 5 xl , а прислали s.Деньги не возвращают, продавец только обещает выслать юбку моего размера, но ничего не делает.Скажите пожалуйста---- для чего мне нужна юбка за 610 рублей совсем не моего размера, продавец сказал --- что ошибся, НЕ ВЕРЮ--- естественно мало кто заказывает размер s , который даже на 42 русский всем мал,ОБМАНЩИКИ!!!"
negative,"К сожалению не получила,деньги вернули.Спасибо за честность."
positive,"Халат очень теплый. Я бы сказала очень-очень теплый. Швы хорошо прострочены, материал мягкий, к пальцам не цепляется, трогать приятно в отличие от многих других халатов. Мои параметры: ОГ 94, ОТ 69, ОБ 98, рост 170, Российский размер 44. Брала по отзывам XL в итоге велик на 2 размера. Заказом и продавцом довольна, пришла посылка за 2 недели в праздники. Буду брать меньше."
positive,"Качество штанов отличное, но коротковаты"
neutral,велико
negative,"Платье не доставили. открыла спор, продавец поклялся что вот вот платье доставят... как вы понимаете этого не случилось. деньги так и не вернули. не покупайте!"
positive,"Заказала самую маленькую s. На мне смотрится не очень, слишком широкая, уж подумала продавец другой размер положил, но нет... Отдам беременной подружке, ей будет хорошо. Пришло за 20 дней."
neutral,"не понятно,2xl маленький а3xl большое"
neutral,непропорционально большие со всех сторон.
positive,"классные шапочки за такую цену просто не реально. двойные, плотные. я в восторге, доставка нормальная"
positive,"Хорошая рубашка, приятная ткань"
neutral,"Заказ пришел быстро. Но как обычно, цвет не тот. Заказывала белые пришли беж, я этот цвет терпеть не могу, да еще и размер не тот."
positive,"супер лосинки. можно было брать на размер меньше, хотя кто как любит. доставка до Новосибирска 36 дней. цвет ровный, красивый. продавцу спасибо"
neutral,"Пришли леггинсы через две недели. Шов между ног изнаночный - снаружи выпуклый, изнутри плоский, достаточно заметно,поэтому в зал таких уже не пойдешь, только дома. Открыла спор на возврат половины стоимости, продавец согласился, деньги вернули"
negative,"Я за 3,5 месяца так и не получила товар. Кормили завтраками , мол сегодня завтра получишь. Деньги вернула через спор"
neutral,"Ох ! Настроение испорчено...Шифоновая вставка вытянута прямо на груди и ничего сделать не получилось. Паетки сыпятся везде и всюду. Да ! Место бедер выкроено треугольником...не округлость, а треугольник. От того платье на бедрах ОЧЧЧЕНЬ торчит"
positive,"Хороший свитерок, ткань приятная к телу."
positive,Отличные колготки ! Пришли за 20 дней в Архангельскую область. Закажу ещё .
neutral,"свитер приехал быстро, с треком. качество на троечку(( жутко воняет и к телу неприятный. цвет грязно-жёлтый не как на фото. на рост 160 рукава короткие, на параметры 84-67 сел слегка свободно."
negative,товар не пришёл. Деньги правда продавец вернул быстро
positive,"размер S большой разница между XL всего в один сантиметр. мне они очень большие, как раз мужу"
negative,"Лишний раз убедилась. что нужно выбирать продавца, а уже потом товар. Продавец не отправил товар, но трек номер ""левый"" дал через два месяца объявила спор, спасибо Алиэкспресс, деньги вернули."
positive,"Спасибо, мне нравится."
negative,"Заказала s, пришёл s, но малосерийный на размеров так 5, рукава короткие и жмут.Надеюсь мне вернут деньги, как вернут тогда исправлю отзыв"
negative,супер тряпка для мытья пола. не покупать ужасное качество.
negative,"качество ужасное, с шито плохо."
positive,Супер!спасибо!
negative,"Заказ не получил. Деньги не возвращают. Мошенники. Полтора месяца переговоров, мотаний в пункт выдачи, заказа Нет. оценка 0"
positive,Всё хорошо! Спасибо!
positive,"Быстрая доставка,качественно сделано и очень красивое,советую этого продавца"
negative,"Товар может быть и хороший но чулки со стрелками, как открывать спор? Жена рада была посылке, как открыли разочаровалась..."
positive,"Юбка супер,правда немного нерасчитала и ошиблась с размером,тянется но не супер сильно.мне оказалась маловата( заказвывала с на от 65,об91не застегнулась,буду заказывать м"
neutral,"Качество на 3. Доставка долгая. Ткань рыхлая можно было взять на 2, а то и 3 размера меньше. Отслеживался."
positive,очень жалко что размер не мой(((
negative,"Камера не работает. Не могу нормальное фото выстраивать ,не знаю кто тут пишет про качество что хорошее но лично мне пришел тонкий трикотаж просвечивает ну совсем не на осень ,капюшон никак на плечо не ложится (мерила девочка в двое меньше меня и тоже самое)такой пошив! После первой стирки сразу катышки,максимум красная цена 500р! Оставила не вернула нет времени так как уехала оставила в магазин выходить"
neutral,кофта крутая)на свой 44 заказывала L пришёл за неделю)
negative,заказала месяц назад.товар не пришел.открыла спор.спор закрыли без разговоров.ни куртки ни денег
negative,"не берите у этого продавца! ткань тонкая очень похожа на ситец, линяет. продавец недобросовестный! заказывала три рубашки, пришли только две( и одна была с браком)! когда открыла спор не соответствие товара, то продавец слезно умолял закрыть спор, закрыла спор, но попросила, чтобы отправил на другой адрес, т.к. меня не будет. два раза написала, что нужно на другой адрес. посылка пришла на другой адрес с браком! открыла спор, решение: вернуть товар и возраст денег; но как вернуть товар, если он на другом адресе?"
positive,Очень быстрая доставка. Размер подошёл. Все как на фото.
negative,"ничего не пришло,три месяца обещаний,в пустую!!! все брехня!"
negative,"Ужасное качество, сразу отвалилась чашечка, пришита плохо, они очень маленькие, для большой груди не подходят"
neutral,маломерит. надо брать на размер или два больше
neutral,"Товар не получила,но продавец вернул деньги"
positive,классная кофточка. ☺
neutral,ожидалось немного другое по размеру еле подошло но доставка быстрая
positive,"Красивое белье , заказывала в размер"
negative,Цвет не соответствует как на картине! А так все норм
neutral,"Немного жмёт, хотя по росту и по весу у меня размер на 42-44, и в рукавах немного оборвалась ткань"
negative,"Защита закончилась, а мне ничего так и не пришло. Открыла спор, вернули деньги"
neutral,"короче, это тоооонкая тряпочка с молнией. прозрачная. натягивается на жопу ,не растегивая . наверно,на лето,Где нить можно пощеголять. А вообще смотрится прям мега дешевенько."
positive,"Посылка дошла до Рязани за 3 недели, .юбка хорошего качества, запаха нет. Взяла размер L, на мой полноценный 46-й норм. Талия до 76 см сядет идеально."
positive,Супер! Доставка 2 недели
negative,"Ждала три месяца, продавец долго не закрывал спор, деньги вернули"
neutral,"трек не отслеживается, товар в течении 90 дней так и не доставили, три звезды за то что вернули деньги, два раза открывал спор"
neutral,"следы грязи, торчали нитки , но в принцыпе не критично"
negative,на фото смотрятся красиво.в жизни как ночная рубаха выглядит.
neutral,"товар не пришел,деньги вернули"
negative,"Заказывала в конце августа, ничего не пришло. Продавец просил подождать, но ничего до сих пор нет. Деньги не вернули, товара нет."
neutral,"на стопу 24,5 (38 размер) еле натянулись"
negative,"я не получила заказ, продавец не вернул деньги"
negative,продавец отправил юбку на размер меньше
positive,Отличный товар. Девчонкам очень понравился. Цена вне конкуренции!!!
positive,This is the best shop. Very good! + Stickers
neutral,"не держится, отклеивается -пара движений и все"
negative,Обман и кидалово.
neutral,Описание неточное.
positive,товар не пришел.продавец вернул деньги. спасибо
positive,"куртка супер!! на ог 116 брала 6хл!доставка 2 недели, трек отслеживается."
neutral,"Заказывала 1. 05, заказ пришёл 7.08. Доставка конечно очень долгая, но носки хорошие, без затяжек, целые."
neutral,"Купила размер L , все по размеру, только не платье, а туника, сшито супер . длину по ниже было все идеально"
positive,"Мягкое качество, все по размеру. ОГ 104см взяла Xxl идиально. Отправили заказ 08.08.17 получила 04.09.17"
neutral,Не соответствует описанию
neutral,"Эта блузка чистая синтетика,а написано 100% cotton во первых,а во вторых цена для синтетики очень завышена и в третьих маломерка не соответствует размерной сетке."
neutral,"Размерная таблица не соответствует действительности. Для размера s оказались большие, либо вместо s отправили размер m,на штанах не было вшито ярлычка с размером."
neutral,"вещь понравилась,но мало.Узковато в бюсте."
positive,"Присоединяюсь к положительным отзывам. Продавцу спасибо. Пуховик соответствует описанию. Такой размер заказала, так как широкие плечи."
negative,"Заказывала размер xl, пришёл l. Размеры свитера не соответствуют описанию, длина 62 см (размер L), а пришёл 56 см! На фото кофта свободного кроя, по факту в обтяжку, ношу русский размер 46. Носить не буду! Будьте внимательны перед тем как покупать данный товар!"
neutral,"Всё бы ничего, но я рассчитывала на изделие из хлопка, как заявлено в описании. Это синтетика."
negative,"Заказ пришел быстро это плюс, сшита рубашка хорошо. Но на картинке кружево смотрится красиво, а на самом деле какое-то старушечье. Выглядит намного хуже, чем на картинке. А сама ткань, где нет кружева приятная и хорошая."
negative,"кардиган так и не приехал. открывала спор два раза. первый раз отменила по просьбе продавца, но когда и через 2 недели товар так и не приехал открыла второй раз. продавец отказался возвращать деньги, вмешался алиэкспресс. пока деньги не поступили, жду."
negative,"Ужасная кофта, несуразная, написано , что длина 72 см., а она 60 см!!! Кошмап"
neutral,"Качество хорошее, но размер не подошёл. Перед покупкой выслала свои размеры продавцу, он посоветовал размер L. На бёдра 106, талия 81, бюст 98, Лучше не полагаться на совет продавца, костюм оказался совсем в обтяжку, носить не получится, только перешивать надо. Написала продавцу, он ответил, что и так сойдёт."
neutral,"Качество довольно хорошее, где то нитки торчали, но не так критично. Заказ приехал относительно быстро. Мне по размеру не подошел, расстроилась. Все писали на наш XS сядет идеально, либо я меньше чем xs, либо рубашка все таки больше чем xs."
negative,"По неизвестным причинам, товар сначала долго отправлялся из самого магазина, а затем без каких-либо объяснений был возвращен продавцу. От продавца никаких объяснений и действий по повторной отправке товара не последовало, поэтому решила, что будет правильнее вернуть себе свои деньги."
neutral,"ткань не приятная к телу, такая царапающая сеточка, вышевкой много, поэтому кофточка тяжеленька, сетка обрезана не ровно, но это попровимо, вообщем китайская кофточка и это видно, много не ожидайте)"
negative,"Кусок тряпки, края не обработаны, нитки торчат, швы съехали в некоторых местах. Размер не соответствует. На рост 165 как майка короткая. Даже на один раз не вариант.. Если есть грудь-не берите, туда не влезет."
negative,"Нет слов о этом жалком магазине и продавце!!! Первый заказ - на ура ... и всё, приплыли!!! Последующие заказы (на более внушительные суммы) - не приходили!!! Каждый спор, только через вмешательство AliExpress!!! Продавец шантажировал, грозил блокировкой моей странички. Общение - просто издёвка!!!"
positive,"Платье супер , рекомендую, доставка до Москвы за 14 дней,мягкое, удобное , размер совпадает"
neutral,"На картине рукав оказался длиннее, чем на самом деле. Если вы немного полней, чем на фото, так уже смотреться не будет."
neutral,"Ожидание долгое и нудное. Товар не пришёл, продавец вернуть деньги отказался. Вернул Али вмешавшись в спор. После этого продавец написал что я должна дать ему положительный отзыв потому что Али вернёт мне деньги. Лови, мне не жалко."
negative,"Заказ ждала 3 месяца, так и не получила товар. Писала продавцу с просьбой вернуть деньги, сначала шёл на контакт, просил подождать ещё.. теперь он даже не отвечает! Ни товара ни денег! Не рекомендую заказывать у этого продавца!"
negative,трек отслеживался вес путь и быстро дошел.сама ткань очень ужасная просвечиваеться если на большую попу.костюм таких денег не стоит.очень разачерованна
positive,"Куртка классная, качество на высоте, отправляли долго, почти 3 недели, но и пришла за 3 недели. Довольна, рекомендую."
neutral,качество хорошее.но размер не соответствует.очень маламерят
neutral,"Цвет странный похож больше на полинявший белый, чем на серый. Картинке не соответсвуют. рукава, как не разглаживай, торчат некрасиво. Носить не буду"
neutral,"Платье синтетика, чисто на пляж ходить. Но на рост 176 см хорошо подходит"
neutral,ткань оказалась очень тонкой
neutral,вместо платья штаны пришли
positive,"Комплект очень понравился. Без дефектов. Мои параметры 85-63-93, взяла размер М. Идеально подошел. Цвет больше желтоватый, но тоже очень хорошо выглядит. Доставка быстрая. Трек отслеживался. Рекомендую."
negative,"Не покупайте! Размеру не соответствует, большой, безразмерный! Рукава короткие, даже на мой рост 167 см- размер м! В жизни ношу 42 размер. Качество ткани ужас! Самая худшая покупка!"
positive,"Хорошая , мне нравится )цвет красивый ,рада ,что выбрала именно этот ,хотя сначала я хотела розовый ,не было моего размера ) качество нормальное ,с удовольствием буду носить ,трек отслеживался ,доставки недолгая ,Спасибо продавцу )"
positive,"ковта тонковата для осени и весны не подойдёт только на лето и ещё рукава коротковаты . размер подошёл ношу свой 48 , продавец общительный , доставка быстрая . Спосибо за маленький подарок мне приятно ."
positive,Нормальное платье
positive,"Отличная водолазка, материал невероятно приятный, качество материала намного лучше, чем я ожидала и чем кажется на фотографиях. Я очень довольна этой покупкой"
neutral,короткие рукава. короткая кофта 51см спереди. рукава от моего плеча 52см. качество хорошее. детская короче толстовка. капюшон тож короткий
neutral,качество плохре
negative,мне не понравилась! прозрачная и маленькая! не заказывайте!
negative,"Трусы сшиты неправильно , научитесь шить"
neutral,"Свитер пришёл с дыркой и затяжкой. Написала продавцу, но он не отвечает. Товар пришёл через месяц."
neutral,все круто но мало ((
neutral,"Посылку не получила, деньги вернули"
neutral,"На мой рост165,платье очень короткое.И на фото оно выглядит лучше ,чем в реальности.Я не в восторге от платья."
negative,"Не соответствует фотографии, сидит он абсолютно не так"
negative,Пришёл заказ совсем не тот размер который я заказывала!!!!Больше заказывать не буду!
positive,"отлично, по размеру"
negative,Кофта отвратительная
negative,размер не соответствует заявленному...
positive,Очень хорошо
negative,"Ненадежный способ доставки! заказывала у другого продавца, так трек отслеживался вплоть до города доставки. Эта же посылка так и веселится в Шарапово. Плюс очень маленький срок для защиты покупателя. Продавец даже не продлил. Красивый гарнитур, но к сожалению, могу судить только по картинке. Продавец, отдельная просьба, чтобы не получать низкие баллы, проверяйте посылки на правильность. не могла таможня просто так не пропустить посылку. Считаю, что это вина продавца. Очень-очень жаль"
positive,"жаль что не пришел, но продавец вернул деньги. за это только 5 звезд."
negative,"качество самой ткани хорошее, но уже после второй носки полез рукав и просто начал расходиться по шву , шов вообще никакой ,слабый, разлетелся разом, в самый неподходящий момент"
neutral,"Цвет не такой как на фото, он бордо, можно на размер меньше. Оооочень линяет, еле ванну оттерла. В целом качество хорошее, хлопок, доставка быстрая. Так что можно брать."
negative,"Ужасно неровные швы, очень плохо пошито, не советую"
neutral,долго шло+качество пошива ужасное
neutral,Тонкая синтетическая ткань. На лето. расцветка ничего. нужен пояс
positive,Очень крутые !!!!всем советую ) яркие и не просвечивают )
positive,"Отличная рубашка, подошла по размеру, нитки не торчат, советую!"
positive,"курточка очень хорошая, качественная ткань и отличная подкладка. на мой рост 176 оказался коротким рукав, пришлось отдать племяннице."
negative,"шапки разного размера . отправлял долго, умоляла его . продавец плохой ему не нужны клиенты такое ощущение"
neutral,немного маловато но сойдет
neutral,Заказывала размер D. По факту скорее на С максимум.
neutral,"Доставка очень быстрая. Шарф мягкий, но очень тонкий, не смотрится объемно на шее:(("
negative,"ужасная обработка краев, точнее ее вообще нет, плохая ткань, короткие рукава"
neutral,Качество не очень и оно не расстёгивается
positive,классный кардиган!Доставка супербыстрая!
positive,"Поскольку я обожаю уютные мягкие халаты, конечно же, не смогла пройти мимо этого. Заказывала в сером цвете, с мордочкой ослика на капюшоне. Пожалуй, этот то приятное исключение, когда даже взрослые могут позволить себе побыть детьми: халат действительно классный, ощущаешь себя в нем очень комфортно и дурашливо. Мягкий до невозможности, теплый и удобный. Правда, материал довольно толстый, поэтому слегка визуально полнит в застегнутом виде. Но это мелочи в сравнении с тем, насколько он приятный. Рекомендую!"
positive,"Джинсы класс , заказала на свой обычный s , такой же s сели прям впритык. Пришли быстро , я довольна"
neutral,"качество неплохое,тонкий вязаный трикотаж в мелкий рубчик, но размер, только на плоскую девочку подростка,поэтому 3 звезды"
negative,"Заказ делала ещё в мае, но он так и не пришёл! Деньги вернули"
neutral,Штаны на гнома сшиты. Доставка чуть меньше 3-х недель до Москвы.
negative,товар я так и не видел! но деньги вернули быстро
neutral,"плюс только в доставке курьером, материал просвечивает , все трусишки видно ,подкладки нет качества пошива жесть -кривой шов сзади снизу и сверху , придется перешивать эти швы , но след то от старой кривой строчки останется , так что вещь испорчена, али вернул немного денег на перешив"
neutral,Размер не соответствует. Кривые швы.
negative,заказ пришел довольно долго.продавец отправил товар и через неделю написал что отменил транспортировку. т.к якобы я не оплатила.после того как проверил отправил. на счет товара.на кофте есть пятна от масла и кружево порванные оборванные.ощущение такое что этот товар много раз примерялии ...в общем я очень огорчена. не советую
negative,"приходит откровенно кустарная работа не опытным швеями. уже 2рой заказ и все криво и косо. нитки петляют, и строчки прыгают. вырезают по выкройкам тоже криво. спор выиграть не удается у этого продавца уже не в первый раз. скидку вообще не дает, лишь обещает. служба али закрывает споры с отсылкой обратно. понятно, что сдать не будешь, расходы на почтовую пересылку атомные. так и живут китайцы припеваючи ((("
neutral,"На 42 толстовка большая,поверила отзывам и заказала размер m на 40-42,непонятно смотрится очень простая и огромная."
negative,Прошито отвратительно.
neutral,Came a bit broken
neutral,"кофта очень короткая, длина от плеча всего 50 см."
positive,отлично.
neutral,"Кофта не оправдала моих ожиданий, но в целом нормально:)"
positive,"Отличное качество, брали на размер больше. Тк маломерки )"
positive,"Доставка в МО 13 дней, но плюс еще дней 5 продавец оиправлял товар. Так что это не самая быстрая посылка в моей жизни) Сама рубашка как всегда очень хорошая. Не в первый раз уже их беру. Ткань плотная, после стирки не садится и не линяет. Цвета держит хорошо. Воротник плотный, но не каменный, и тоже отлично держит форму. Пара ниточек торчала, но совсем не критично. Размер М на 86-69-89 все как надо: не стягивает и не висит. Рукава на рост 158 более чем длинные. Спасибо продавцу!"
negative,"Ужасно, открыла спорт , деньги не вернули!! Ну видно же не соответствует описанию"
neutral,Носки маленького размера. Думаю 36-37.
neutral,Таблица размеров неточна.Ткань платья неважная.
neutral,"Цвет приятный, как на фото. Синтетика. Почитала в отзывах что маломерит. Пришла огромная"
neutral,"Очень странный пошив. Зимние, но укороченные смотрится ужасно."
negative,не соответствует размеру. качество как у тряпки для пола. плохо. разочарована
positive,"все как в описании, по размеру подошло"
negative,очень не довольна!совсем не то ч то на фото и не такая как в отзывах!увидела бы в магазине не взяла бы ни за что!
neutral,"ожидала лучшего , сейчас посмотрела близко не купила бы даже за половину стоимости тонкая синтетика и всё"
positive,"На параметры 82-66-92 заказывала S - отлично села, единственной рукава на рост 1,64 впритык. Кофта очень мягкая, сшита аккуратно."
positive,"Товар не получила, деньги вернули"
positive,Осень красивый и качественный лифчик
negative,Заказывала размер 2 XL. Реально размер S! Хотя на лейбаке стоит 2 XL!!! В результате даже не смогла одеть их!!! Неужели экономят материал? Очень жаль!
positive,"Куртка отличная просто класс!!!!! Продавцу большое СПАСИБО! ДОСТАВКА за 3 недели курьером. На свой 46 заказывала L но у кого большая грудь , то будет мала."
positive,класс
negative,Dear seller. In the annotation of the goods you declare a white duck down. Real-synthetic filler. You can not so deceive the buyer.
positive,Отлично.
positive,"лосины очень хорошие,дошли быстро"
positive,"Хлопок,сшита качественно,немного стрейчевая,воротник с манжетами проклеены средней жесткости.На грудь 96 L в самый раз,талия конечно велика,можно увеличить выточки по фигуре."
positive,"джинсы ,пришли меньше чем за месяц,на свой 25-26 размер заказала 26,по размеру подошли хорошо ,но вот по росту короткие ,мой рост 162, обидно,я не люблю короткие джинсы"
negative,"Продавец обманщик, как и ниже отзыв и у меня точно такой же, сначала дал лживый трек и я долго ждала потом я открыла спор он написал что вышлет , и опять не выслал , рассказывал про какие то скидки и т д,, долго вела разговор , но деньги вернули.. не заказывайте здесь!"
negative,"Отвратительный продавец! Заказала сразу 4 вещи из его магазина! 2,5 месяца тишина! Открыла спор, но денег так и не вернули!"
neutral,"Не понравились, жёсткие и морщинятся"
neutral,"материал слишком тонкий,похож на капрон."
neutral,"Супер быстрая доставка. На этом плюсы закончились. Кофта маленькая. На рост 176 рукава чуть ниже локтя. На параметры 88-67-94 тянет в плечах и подмышках. От кофты сильный химозный запах. Решила я её постирать в холодной воде. Уж не знаю, чем её китайцы красят, но вода стала тёмно бордовой. На фото процесс стирки - тазик с кофтой"
neutral,"очень долгая доставка, материал отвратительный"
positive,"лучшие штаны в мире. качество, цвет доставка просто великолепны!!!!"
positive,"Думаю, что всё замечательно! Почему ""думаю"", потому что отправила в другой город, любимой племяшке-Машке. Ещё с Машей не переговорила и про носочки не спросила. :-) Спасибо продавцу!"
positive,товаром довольна
negative,"Товар я не получила. Попросила продавца отправить посылку ещё раз. Продавец сказал ок, но доплати денег. Я в шоке. В итоге платья нет и оплаченные мной деньги за заказ не возвращают."
neutral,"Хорошая ткань, формат, но ошиблась размером))) а так сойдёт))"
negative,"платье пришло бракованое,но деньги вернули."
positive,"Отличная кофта, качество супер!!!! доставка курьером"
positive,"Очень простое, тонкое платье, смотрится немного колхозно. Ну цена=качество. На параметры 98-74-98 заказала л. По размеру подошло идеально"
negative,размер не соответсвует описанию((( продавецо отказался вернуть часть суммы(( не советую
neutral,"товар неплохого качества,если бы не одно но - одевается комбинезон снизу вверх, рассчитан на бедра до 114 см( размер 4 xl) а ширина горловины открытой полностью всего 84-86 см.И получается что одеть комбинезон невозможно, не порвав горловину.Производителю нужно удлинить замок-молнию ."
positive,Отличная рубаха! Пахнет даже приятно! 5xl на российский 52-54. Спасибо!
positive,"Быстрая доставка, хорошего качества, без запаха. продавца рекомендую."
positive,"Заказывала 2 футболки - серую и белую. Белая более яркая и очень четкая, но зато белая сделана из другого материала, более мягкого на ощупь, но, по видимому, более синтетического. Заказ до Москвы шел чуть больше месяца. Обычно ношу размер S, брала M - подошел отлично."
positive,"Качество товара на высоте, ткань плотная, сшита шикарно, цвет действительно белоснежный, длинна по середину бедра, на мои параметры 84-70-90 взяла М, села прекрасно, по спинке ровненько, никаких складок и загибов. Продавец отвечает сразу. Доставка быстрая, 16,09 оплатила, 4,10 получила, Спасибо большое продавцу за товар,"
neutral,"Размеры не соответствуют, я ношу s, заказала эту пижаму XL и она оказалась мне маленькая - расстроена"
positive,"всё супер,без запаха,заказала м на свой 44"
positive,"Очень симпатичный топ, но коротковат"
neutral,"на 42 размер максимум, рукава короткие и длина тоже. Качество нормальное."
negative,как только стала надевать затрещали по швам
neutral,"очень тонкое, прозрачное и отовсюду веревки торчат"
negative,"Товаром осталась недовольна. Маркировка не соответствует своему размеру. Продавец должен предупреждать о том, что товар маломерка!!! Размер 5XL на 95 кг при росте 170 см не налазят. На животе выше, чем сзади, плохо тянутся, штанины короткие. Из-за малого размера на попу не налазят. Очень расстроена, 710 рублей выкинула в мусор."
negative,продавец не отправил блузку для для школы 3 месяца и нет ужас ужас
negative,"Цвет совсем не такой как на картинке, слишком яркая и смотрится очень дёшево. Красная цена 500 рублей, сделано всё очень некачественно"
positive,"товар отличный, продавец общительный , Сдек молодцы ,доставили к дому. Всем спасибо. Товар шёл месяц до Ижевска это нормально. На 48-50 взяла на осень xxl на зиму буду брать xxxl. Качество отличное - рекомендую этого продавца и доставку Сдек. Спасибо !!!"
positive,"Дошли чуть больше, чем за месяц. Еле налезают на колено, плотнее, чем я думала."
negative,"Ужасный продавец, мало того что товар не пришёл, деньги не вернули.. Никому не советую этого продавца!!!"
neutral,"Печать на ткани краской ужасного качества, краска слипается, к ней все прилипает"
negative,Очень прозрачное
negative,товар не получила. но продавец вернул деньги
negative,"Не пришла посылка. Не открывала спор до последнего, ждала. Не успела открыть спор даже!((("
negative,Заказ не получила. Было два продление. Рода вёз деньги вернул.
neutral,"Качество хорошее, но рукава очень короткие:((("
positive,не в размер
positive,Ожидала полноценную повязку. По качеству на троечку. 40 рублей и тех не стоит.
negative,"Думала будут теплые леги, а это тупо колготки с начесом и без пятки((("
positive,"Кофта хорошая, все как на фото, спасибо"
negative,"Цвет, ужасный не то что на фото. Швы не аккуратные."
neutral,"штаны по качеству и размеру не плохи, но сели ужасно"
neutral,"шло полтора месяца, на 54 размер заказывала 6xl, в спине мало и рукава узкие, ткань приятная. Не понравилось"
positive,"Спасибо , но принт выполнен не аккуратно , края торчат , нитки торчат ! В остальном обычная футболка , за такие деньги нужно делать на совесть , без косяков!"
neutral,Футболка на 3+.
positive,"Наконец-то они пришли))) шли долго (2,5 мес.), трек неправильный и я уже отчаялась их получить, но зря! Труселя отличные, как на картинке!!! На 48 р/р заказала XL, но за время их пути я успела похудеть на целый размер и сейчас у меня 46 р/р и на похудевшую попу они сели отлично. Думаю, что на прежний размер они сели бы как на барабан. К покупке рекомендую!!!"
positive,Крутые! Пришли в идеальном состоянии
neutral,"платок хороший,но прям посередине огромная зацепка-не приятно"
negative,"материал дешевый,блестит,я думала они из экокожи,а это какой то дешевый блестящий материал,да и к тому же они короткие,рост 170,ношу М,заказала L ,впринцыпе натянула НО они короткие,не понимаю тех кто писал что на 170 длина норм,видимо у них ноги короткие,вообщем Нерекомендую!!!!не покупайте,обман"
neutral,"На рост 170 впритык, очень глубокий вырез, ткань тонкая, качество среднее, мне кажется не стоит своей стоимости"
neutral,"Заказала два размера , Л и Хл не чем не отличаются , сидят одинаково , на рост 166 , подошли отлично) на свет просвечивают"
positive,"всё супер! размер универсальный,качество отличное,запаха никакого нет,доставка месяц до МО, буду заказывать ещё! спасибо большое!"
positive,хорошая
positive,"все хорошо,но как лосины не поносить,больше как утепленные колготы,ну и два швамне очень удобно,но привыкнуть можно"
negative,"Очки так и не получила,деньги вернули,ждала 3 месяца(((("
positive,кофта отличная. на 48 размер заказала 2xl. нормально. можно было и на размер меньше.
negative,маленькая. заказала 3XL и не прошла по грузи (((( но качество рубашки просто бомба. материал просто супер
negative,"Сшито ужасно, по длине длинное, не как на фото, рукава как урод, ну а в бёдрах только на мамонта надевать."
negative,не вздумайте брать подделка!!!!
negative,"товар не пришел, но продавец вернул деньги , после вмешательства службы алиэкспресс"
negative,На рост 168 колготки маловаты и к тому же черные очень противно блестят на солнце.
positive,"Толстовка отличная ,качественная ,утепленная,Рекомендую."
negative,Товар не отслеживался и не пришел. Ждал почти 3 месяца. Продавец отмазывался и просил ждать еще. В итоге по спору деньги вернула служба алиэкспресс
neutral,"платье я получила меньше чем через месяц, внешний вид не плохо по платью швы ровные но хлипкие​ ,запах присутствует как сыростью залеженостью, приблизительно выше колен на см 16-20 этикеток нет значит сшили где?многие догадаются.очень не понравилось что присутствует на спине маленькое жёлтое пятно это не приятно поэтому я занижаю оценку."
neutral,"Товар не соответствует описанию. Брюки зауженые, а не широкие."
neutral,"Заказала в этом магазине платье и блузку. Но продавец прислал только блузку. Я писала сообщения продавцу несколько дней с вопросами где платье и как так получилось, потому что до конца защиты оставалось несколько дней. Но продавец стойкий!!! Молчал, как партизан. Полный игнор! Мне ничего не оставалось, как открыть спор. И продавец сразу ответил, что вторая посылка в пути и написал трек номер. Спрашивается как я могла знать что продавец отправил один заказ разными посылками с разными треками?! К качеству товаров у меня претензий нет, но продавец отвратительно относится к своим клиентам, он должен был предупредить или хотя бы ответить на мои сообщения!"
positive,Ковточка понравилась! Без брака! Доставка две недели!
positive,"Достаточно хорошее качество, швы выполнены аккуратно. Кольца пришлось подкорректировать самой (легко гнутся). На маленькую голову будет велика. Не было индивидуальной упаковки, только почтовый конверт."
negative,Не сказала бы что супер у кого бедры 104-110 лучше не заказывать резинка очень тугая короче так себе
negative,просвечивает не плотная ткань
neutral,"не соответствует фото, очень прозрачный материал, на фото более плотная ткань, , хотя у девочек из отзывов зеленое более менее смотрится"
positive,"на рост 171 короткие, одеваю под длинную куртку и ботинки, немного приспустив - не удобно. Спереди странно топорщатся, очень высоко садятся. Ходила гулять в -19 и еще колготки под низ одевала, через час начала мерзнуть. Короче, брала для прогулок с собакой, видимо носить буду, когда потеплеет( или вообще не буду носить!"
negative,"The purchase came only after 2 weeks after I asked to return my money back. So from the moment I asked to return my money back the relation between me and the seller should have been stopped. So, why the seller continued? I have waited almost 2 month. Sorry, but it shouldn't be my problem. First I have stopped the deal between me and seller and after the purchase came. They made it my problem and didn't gave my money bad. Very bad service. I don't recommend this seller"
negative,куртка пришла короткие рукава не советуб
positive,"65%хлопок 35%полиэстер.к телу приятная.летом в ней не сопреешь.спасибо только цвет прислали не тот.но ничего,и этот понравился"
neutral,качество как у футболки. ткань полупрозрачная
neutral,Очень долгая доставка. Продавец как компьютер. На все вопросы не отвечает.
neutral,Сборки в коленках. Не обтягивают
negative,"никому не рекомендую этого продавца!!! Качество товара ужасное!!! Везде торчат нитки! Впечатление, будто продавец собственноручно шил тунику или пытался научиться шить!!! Зачем обманывать покупателей?!!! Позорник!!!"
neutral,быстрая доставка.но цвет бледный и в бедрах широкие
positive,"продавец после оплаты отправил через два дня. до Казани шла три недели, 1.5недели просто висела в Китае, и 1.5недели уже пришла. На параметры 88-65-95 и рост 170, плечи ширина 40. брала М, подошла. качество нормально, сшито хорошо. тонкая, но мне нравиться. рекомендую)))"
neutral,очень маленькая
neutral,"Внешне села неплохо, но синтетика приличная. Тело дышать не будет."
positive,на русский 48 как раз. шло месяц до мо. запаха нет
neutral,отлично товар как изаказывал качество огонь
neutral,"Очень короткие,нитки торчат,цвет не чистый,а грязнорозовый.Ехало больше двух месяцев."
neutral,"Посылка пришла быстро,до Владимирской области за 20 дней.По размеру подошла ,на ОГ 90-L. Неприятного запаха не было. Рукава сильно обтягивают,вшиты неровно,не все внутренние швы оверложены,из-за чего много торчащих ниток. На передней стороне была затяжка ,после убирания которой остался небольшой след. Цвет несколько отличается,на фото представлен другой оттенок."
positive,доставка очень быстрая. довольна
negative,"вообще не то, что на фото. не советую"
neutral,"Неаккуратные швы. На капюшоне прямо по переднему краю в месте, где есть строчка торчат концы ниток, в результате чего капюшон выглядит неаккуратным. Правый карман практически зашит. По модели он должен быть, однако сделали строчку так, что карман не функционален."
positive,Материал среднего качества. Так в целом все устраивает)
positive,"Дошло в заявленные сроки, скроено, сшито хорошо. Дырки для пуговицы не было. Село хорошо, ткань стретч, нооооо есть какой то зуд. Полдня хожу все ноги чешутся!!((( в остальном норм. На объём бёдер 90 брала М"
neutral,"заказ не пришел, деньги вернули"
negative,швы очень неровные
neutral,"майка просвечивается,не соответствует фото"
positive,"На 46 брала Xl, хорошо подошло, пришло за 2 недели"
positive,"Очень понравились рубашки. ОГ 110, плечи 42, ОТ 95. Российский беру 52-54. Заказала 4xl- все хорошо село. Длина рубашки сбоку до косточки бедра. Спереди и сзади удлиненные, удобно заправлять в брюки или юбку. Длина рукава 60 Спасибо за хороший товар!"
positive,качество соответствует цене. доставка 3 недели ЦФО
negative,"Такого мудака продавца ещё не встречала на Али.Написала продавцу чтобы посоветоваться по поводу размера.Написала параметры и он ответил 29 размер. По отзывам закрылось сомнение,переспросила ""точно ли"" Он ответил что будет просто крепче.От 86 об 110.Написал что если будут малы то с него чёрные джинсы в подарок.И оооо вера в халяву повела на риск.В итоге джинсы пришли (ждала как лета зимой)Но для того что бы застегнуть джинсы понадобились бы ещё 15 см пришить:-/Написала и отправила фото продавцу (козёл )Он ответил Ооо май дарлинг не сы,а отправь эти джинсы в Москву в наш филиал и они тебе поменяют на размер на больше.Прислал адрес.Я спросила что с деньгами за отправку джинсов в Москву? Он ответил пришли чек.Я лошара пошла на почту и отправила джинсы в Москву. И вот тут началось самое интересное. Продавец стал предлагать мне 30 размер джинсов,но нужно за них заплатить вновь,в течении суток он поменяет сумма на 00,1 цент и вернёт разницу.была долгая мутарная переписка ион заблокировал меня"
negative,"вы снова обманули!я напомнила вам чтобы вы опять не забыли положить в заказ легенсы которые вы не прислали(вместо 2 прислали 1)Я 3 раза делала заказы но легенсы вы так и не присылаете их. зачем же тогда вы просите сделать другой заказ,я думала что вы действительно ошиблись и хотите исправить свою ошибку но УВЫ я очень огорчена вашим поведением Верните деньги через Алиэкспресс!!!"
neutral,платье классное!!! но пришло с дырой или это скорее брак по ткани. очень жаль!!
positive,"Отличные брючки на лето-заказала все цвета-белый, черный, голубой и розовый.Идеально сидят-даже подшивать не пришлось-теперь на долго=хватит и цена приемлеемая. Спасибо продавцу за товар.Положили приятный подарочек.Брала 2 хл"
negative,"Девочки, не берите это платье! В груди очень тугое платье, сдавливает грудь, аж дышать очень тяжело!!!продавец, обратите внимание!очень жаль, что так вышло. Сама модель платья неплохая, но то что вы в груди сильно ушиваете это огромный минус!!!продавец, шей по нормальным параметрам, ношу S, купила M оказалось в груди сдааливает!"
neutral,"огорчена! не соответствует описанию. цвет не красный, а темно бордовый. длина не 72, а 65. мой рост 156, рукава впритык без отворота, хотя я вечно страдаю от длинных рукавов. состав конкретный акрил (после стирки аж хрустит мокрый). очень обидно. очень!"
negative,"товар не доставлен, и даже не отправлен."
neutral,"брючки хорошие, но я с трудом в них влезла, узкие штанины, и мне мягко говоря маловаты"
negative,"Костюм чистое барахло.Два первых отзыва или куплены или у меня другой товар.Первые два фото вообще другого товара.Голая тонкая синтетика.Размер XXL дай бог подойдет подростку 14 лет (капри и топ).Кофта более менее по размеру .Будем таскать дома я кофта,дочка остальное.Если бы увидела вживую не нужен бы был и даром."
positive,"супер! тянутся хорошо! на меня сели хорошо. мягкие, не тонкие! буду носить всю осень"
neutral,Шов на юбке на одном участке никакой (ну очень кривой)
neutral,"у блузки кривые швы, придётся исправлять! я думаю, что продавцы должны проверять товар на наличие брака перед отправкой. получается, что кому то приходит хороший товар, пишут хорошие отзывы,а кому то не очень хороший, и ломай теперь голову, что делать! кстати на моё письмо продавец не ответил!"
negative,"Красивое боди, НО на фото оно выглядит лучше, мне пришло с неровным швом на груди"
negative,"от куртки не в восторге, на картинке она кажется более утеплённый и плотной . в реале очень тонкая ткань да и размер маломерит ."
negative,товар не пришел
positive,Чудесно! Все как на картинке! Доставка удивила-посылка прибыла за 9 дней! Спасибо продавцу! Дополню отзыв позже.
neutral,"Заказала XL, по факту пришёл XS. Размер странный, плечо большое, рукав короткий (мой рост 162). Внутри свитера нет никаких обозначений, ни размера, ничего. Только на пакете было наклеено XL. Так, свитер одного размера, видимо, они под все размеры отправляют. Разочарование. Пришлось подарить 12 летней племяннице."
neutral,"Не очень кофта,материал не такой,как на картинке,лёгкая ,продувает"
negative,продавец г..но прислал кофту с какимто красным пятном каторое не выводится а после того как администрация закрыла спор ещё и поглумился. в итоге ни денег ни кофты
negative,"Не стоит 1000 рублей. пеньюар очень короткий, скорее всего на рост не больше 160 см. Доставка быстрая до М.О. месяц."
negative,"Очень жалею что сделала заказ в этом магазине. Вещи абсолютно не соответствуют описанию в профиле продавца. Деньги можно просто выкинуть на помойку, а не ждать, когда придёт посылка, ибо при примерке и после шока, вы все равно эту вещь выкинете в мусорку. Сшито криво-косо-размер не соответствует. Вещи из этого магазина можно, не сомневаясь, отправлять в обзор ""Ожидание и реальность от Aliexpress - смех и разочарование"". Абсолютно бесформенное, как будто сшито без лекал, короче тряпка. Не рекомендую."
negative,"вообще не довольна!!!!пришел не мой размер ,материал плохой ,надписи приклеины а не вышиты!!! смотрела отзывы у всех было вышиты текст !!за такие деньги не стоит брать!!оформила спор-не вернули деньги ,так что решай те сами !но с этим магазином я больше не буду связываться"
positive,"куртка хорошая, вот только чуть-чуть маловата. заказывала М т.к. у меня 46 размер."
negative,"как можно оценить заказ, если он не пришел? хорошо хоть деньги вернули. продавец с очень большим трудом шел на контакт. вообщем-я разочарован. продавца не советую. одна звезда-только за то, что денежные средства вернулись"
positive,"Заказ шёл меньше месяца. Качество полностью соответствует описанию. Летом будет приятно холодить) Спасибо! Продавец внимательный, продлевал защиту. Счастья, успехов в бизнесе!"
neutral,"Заказ пришел быстро. На мой 40 размер рукава короткие, плечи не на месте. Материал колется."
negative,"качество плохое, нитки торчат, сшито криво, запах ужасный и после стирки не выветрился. жалею о покупке, своих денег не стоит. спереди еще ничего выглядит, а сзади и сбоку из-за резинки которая пришита отдельно глупо. цена очень завышена."
positive,"Быстрая доставка, качество хорошее, на российский 42-44, размер M подошёл"
neutral,Совершенно не соответствует описанию
neutral,к сожалению пришел не мой разме р (((((и качество не важное
negative,Не получила
positive,"Очень клевые, заказываю не первый раз!"
positive,"ОЧень классный халатик, мягкий приятный. М-ка на р-р 2-44"
neutral,Короткие на рост 162!очень жаль (((
negative,вместо толстовки пришло благодар за данный заказ 397 рублей 21 копейку! Фото кисточки и благодарственное письмо прилогаю !!!
negative,"Очень плохо,так и не получила посылку,в отслеживании написано ,что вручено адресату в Москве,я проживаю в Сургуте,адрес написала правильно.Защиту продлил,попросила спор открыть не открыл,деньги на ветер,не буду больше заказывать у этого продавца!"
neutral,"Доставка за 19 дней до Астрахани. Качество не особо хорошее, думаю долго этот костюм не прослужит."
positive,Доставка быстрая. Качество хорошее. 84×65×90 - села хорошо. Цвет не чисто белый. Рекомендую.
neutral,"Плечи широкие, а так пошив неплохой,на 110-90-110 4xl велик на размер, ремешок короткий на 15 см"
positive,"Купила пуховик 11 ноября. Доставили прямо домой через 2 недели. Качество прекрасное. На размер 92-7-96 при росте 172 размер М сел отлично. Волновалась, потому что похудела, а раньше носила куртки L. Но всё отлично. Очень довольна качеством товара и продавцом и транспортной компанией."
negative,"Товар не пришёл. Открыла спор, деньги не вернули !!!"
positive,"Спасибо)) жилетка суперрр))) был небольшой брак, открыла спор, вернули деньги больше половины от стоимости. Продавец большой молодец))))очень доброжелательный)))"
negative,"товар не пришёл,деньги вернули за это ставлю 5 звезд"
positive,платье дошло быстро НО так много НО .. на мой 1.67 оно сильно коротко больше как туника .. па едки после одной примерки по всему дому и телу ... хотела заказать ещё 2 платья но вот теперь вряд ли решусь
neutral,Качество ткани не такое как на картинке.
positive,"пришла как и вторая с затяжкой,на осень,из за крупной вязки ушам будет холодно зимой.шла долго через Латвию."
negative,"Не дождалась майки,открыла спор. С 10 октября,деньги до сих пор не вернули. Ужасный продавец,не рекомендую."
negative,заказ не получила. спор не успела открыть. ждала слишком долго. очень разочарована.
neutral,"Товар не пришёл, продавец вернул деньги после спора"
negative,"если честно,думала что заказ не придет на половине пути отслеживание пропало.... открыла спор.... после заказ пришел"
neutral,товар пришел с дыркой
positive,"Приятная к телу, боди, очень мягкая, не похожа на синтетику, плотно прилегает. Полностью соответствует описанию. Мне очень понравилась. Бюстгальтер под неё не оденешь. Снизу идёт застежка"
positive,"Кардиган соответствует описанию. Материал хороший, плотный. Заказывала в Забайкальский край 24 октября пришел 17 ноября. На свой вес 56, рост 1'64 и размер 44 заказала L. Подошел кардиган идеально. Всем советую."
negative,"В принципе юбка хорошая. Качество норм. Сначала заказала М, потом поняла, что она мне будет большая. Написала продавцу, чтобы отправили другой размер, он попросил мои параметры и сказал, что мне должен подойти размер М. Ну и отправили размер М. В итоге юбка сидит на мне как мешок, очень большая. Придётся ушивать"
negative,"товар не получила. не отслеживается. продавец ничего не сделал для того, чтоб найти товар. четыре месяца ждала. раз пять продлевает защиту, но ничего хорошего не вышло. Пишут что товар прибыл целый месяц назад, а при уточнении- неизвестно где."
positive,Доставка 13 дней.
negative,"Шла катастрофически долго, нифига не 23 дня, а 2 месяца. Очень тонкая - на летние вечера. У нас уже выпал снег - куртка будет ждать весны. Где то в процессе доставки потерялась . Качество соответствует цене."
neutral,"в целом заказ пришел быстро и хорошего качества, но размер оказался на много меньше, чем был указан, обидно"
positive,"Всё отлично! Уже вторая и третья рубашка) Красная с цветами в размер с нашим, с лисятами и ёжиками вместо $ взяла М подошло отлично!"
positive,"Замечательное платье, мой размер рус 44, рост 170, село на отлично!!!!"
positive,"мне очень понравилось качество! цвет! гетры не объемные, аккуратно смотрятся на ноге) продавец общительный! трек отслеживается, доставка 2 месяца до Москвы!"
negative,Недовольна заказом. Юбка только летняя на вид не очень. Мала. Слишком притык. За такую цену можно и у нас брать ещё и помериться можно. Вообще м я недовольна заказом.
negative,Голимая синтетика. материал похож на плащевку. летом будет писец
positive,Отличное качество и быстрая доставка. Шарф очень большой и теплый.
positive,"Очень хорошая кофточка. Материал качественный, мягкий, очень приятный к телу. Спасибо."
negative,"отвратительное отношение продавца, товар не пришел деньги не вернули."
negative,"ни в коем случае не заказывайте у этого продавца НИЧЕГО! Он обманывает! заказ не отправляет, спустя 3 месяца как открыла спор, вдруг в этот же день задержали товар на таможне со слов продавца! возврат денег до сих пор жду!!!"
neutral,"Заказ пришел за 3 недели, трек отслеживался. Платьем осталась не очень довольна. лиф пришит криво, сзади какая-то кривая сборка, подол просвечивает, электризуется. Жаль, само по себе платье красивое"
neutral,качество отличается от описания и фотографии. Цвет не ровный. Не кашемир. Соответствует цене.
negative,"Трек не отслеживается, заказ не пришёл. Верните пожалуйста деньги за заказ."
neutral,"Поставила 3 звезды, заказывала три цвета белый, чёрный, бежевый- пришли: красный, белый и бежевый( и так же с размерами("
negative,"Товар не получила. Спор открыть не могу,деньги не вернуть."
positive,пришла кофта. на размер 83-73-93 рост 175 размер Л идеально. немного коротковато. Мне кофта понравилась. заказом довольна.
positive,"Свитер очень мягкий, отличного качества, как на фото. Запаха нет, ниток нет. Хорошо тянется, немного коротковат в рукавах. Наверно пошит женщин с короткими ручками. На свой 44размер заказала L. Быстрая доставка за 2 недели. в Псков."
negative,"Качество вещи хорошее, но прежде чем заказать нужно было связаться с продавцом. Понадеялась на размерную сетку. Джинсы стретч и на объём 90 см размер 27 велик. Ноги в штанинах утонули. Я в мешке."
negative,"Товар шел очень долго. И не подходит под описание, низ не заужен. Очень тонкая ткань, ходить только летом. Немного торчат нити"
positive,куртачка хорошая ! спасибо за подарочек.подходит на ог115
positive,Пришли быстро. Цвет красивый. Смущают две полоски спереди и сзади. А в остальном понравились. Ещё не носили.
negative,топ так и не пришел. Деньги не вернули
neutral,"Кофта не как на картинке снизу,она коротковатая а в целом неплохо,доставка за 2 недели"
positive,"купила себе об-112 хорошо, тонкие, на осень пойдет, выглядят достойно. Продавцу спасибо. пришли быстро, товар отслеживался."
neutral,"Прислали совершенно не тот цвет. Заказывала красный, а пришел розовый (не вдаюсь в подросбности оттенков). На мой вопрос почему прислали не тот цвет,мне продавец ответил, что он отправил красный. И фото с розовой кофтой не смутил. Очень долго не отвечал на вопросы. И по сей день не ответил на вопрос, почему он выслал не тот цвет."
neutral,"пришло быстро меньше месяца, но это таког г@но капец.на мой рост 177 об-104 от-78 заказала 30размер.они выше чиколотки, на ляжки чуть влезли, в талии велико, не о какой завышенной талии и речи не может быть, когда садишся ощущение только бы не лопнули с зади, а спереди образуется словно в штанах мужской член встал извините уж за такое сравнение.вообщем такие джинсы я бы не купила, но соотношение цены и качества говорят сами за себя.возможно кто ниже ростом тому и подойдут.вобщем джинсы не понравились.хотя на вкус и цвет товарищей нет."
positive,"Свитер хорошего качества, спасибо, все как есть по описанию и рисунке"
positive,"пришла кофта быстро, прикольная,на флисе,думала по-длинее будет"
neutral,Маломерки
neutral,"Заказываю эти леггинсы второй раз, тот же цвет и размер, но вот беда, в прошлый раз на 46р и рост 178 они сели идеально, а в этот раз тот же размер на те же параметры оказался мал, даже длинна меньше. Очень расстроена."
neutral,Чашечки маленькие
positive,Все понравилось. Буду заказывать еще.
negative,1.5 месяца шёл заказ . это не пальто и даже не куртка . материал тоньше чем футболка . таких денег не стоит и половины . разочарована нет слов
positive,Платье на российский 52 (3ххх). при росте158 длина чуть выше колена
positive,"Кофта пришла в Москву за 2 недели, качество лучше цены. Кое-где торчат нитки, но не критично. Но, к сожалению, размер не подошел. Покупала маме на 50-52 размер кофту XXXL, сидит очень в обтяжку. Думаю максимум на 48-50рр подойдет."
positive,"Платье нормального качества,размер подошел.Платье пришло быстро,продавец общительный,большое спасибо"
negative,"Посылка не отслеживалась. Заказ не получила, деньги не вернули. Ждала больше трех месяцев. Не рекомендую обращаться к этому продавцу."
positive,"товар пришел за неделю, очень хорошее качество,всем советую"
negative,Ужасно. Возврата средств не дождёшься. Вещи такого качества что и надевать нельзя. Очень расстроенна.
positive,"Шло в Москву очень долго, доставка хреновая. Открыла спор, вроде деньги вернули. Но долго продлевали защиту несколько раз. Лучше не продлевайте - нет смысла ждать. Продавец вроде общительный."
positive,Все как в описании и на фото продавца. Меряла такое же в Заре.
neutral,"товар пришел быстро, но по размеру не подошли. Мой рост 169 см- брюки очень коротки. На размер 46 очень малы, не застегнулись. швы хорошие и вообще джинсы стрейч, тянутся и очень легкие. Жаль, что не подошли."
neutral,"Рисунок смазан, материал на ощупь мне не понравился, хоть и хлопок"
negative,Заказ не пришёл! Спор закрыли! А я так ждала! И пусть всего 77 рублей-разочарование капитальное :((((
positive,"Пуховик отличный, очень теплый! 5ХL на Российский 56 размер. Очень красивый ,легкий, сшит качественно, ткань водоотталкивающая.Капюшон теплый , небольшого размера, не падает с головы и не наезжает на глаза.Фасон приталенный, талия появится даже у тех у кого ее нет. Молнии,кнопки и ""бегунки"" надежные. В Калининград пришел за три недели! Доставили курьером домой бесплатно. Товаром очень довольна,заказала еще другого цвета. Продавец очень внимательный и отзывчивый! Всем рекомендую!"
neutral,"По качеству нареканий нет, но гольная синтетика, цвет серый не очень, размер брала М - мне впритык по росту, внатяг - рост 164, вес 52. Слишком высокие вырезы для ног, подойдет под одежду только с высокой посадкой, из-под моих джинсов видно ("
positive,"Прекрасное качество, подошел идеально, специально взяла размер побольше, люблю стиль оверсайз. Плюсом подарочек- браслетик. Спасибо продавцу."
negative,"С чего начать... Не смотря на то, что они безразмерные, ощущение, что они делаются на буйволов. Почему? Да потому что ноги хрен пропихнёшь, а задница на 56 размер, блин, при этом на короткие ноги. И носить их из-за этого ппц не удобно! Ну хоть тёпленькие и на том спасибо. Недовольна."
positive,Большое спасибо продавцу за отклик на нашу просьбу к заказу
negative,Цвет темно синий без блеска На фото аквамарин В Реале простой тёмный синий цвет без перламутра Продавец вообще проигнорировал спор Алик тоже 300 рублей отказался возвращать Обидно Я такой тёмный цвет не заказала На фото блеск чуть есть из за вспышки Плюс что рукава норм длины
neutral,не очень!!
negative,"Отвратительное качество печати на футболке, очень нечеткий принт, надпись расплывается. Не рекомендую для покупки. С продавцом не общалась .доставка быстрая, на удивление."
negative,"Заказывали размер XXL, где длина рукава должна быть 60, а по факту 58 - короткие, сама длина заявлена 79, а по факту - 78см"
negative,"Товар не пришёл , открыла спор деньги ещё не вернули !"
neutral,Наполнение пухом не равномерно.Сверху его почти нет.
neutral,"платье не соответствует заявленному цвету,цвет отличается"
negative,заказ до сих пор не отправлен. прошло около месяца. прошу вернуть деньги! обман!
negative,"Очень маленькая, хотя размеры указаны нормальные. Спор отклонили."
positive,"Вроде все ОК. Лёгкая, тонкая, стёганная. Внутренние карманы тёплым материалом сделаны. Воротник отстёгивается. Продавец тянул долго время с отправкой. Такое сложилось ощущение, что после заказа только начали её шить. Потом дождались пока сшили, потом к ним поступила, потом только мне отправили. Затем дал трек номер, по которому была отмена отгрузки через 12 дней. После вопроса в чём дело, дал новый трек номер, но в системе его не исправлял. Новый номер сообщил просто в переписке и то, только после моего запроса. Соответственно посылка поступила уже после истечения 2-х месяцев. К куртке (или пальто) претензий нет. Есть претензии к срокам отгрузки и доставки. Поэтому 4 звезды ставлю."
neutral,"Синтетика 100%, аж блестит. Денег своих нестоит"
positive,"хорошо сделана футболка, пришла быстро."
positive,"Брюки подошли по размеру, на рост 170 см немного коротковаты, доставка быстрая - пришли за 10 дней, продавец сразу написал, что товар отправлен. Заказом довольна. Спасибо продавцу!!!"
positive,Хорошее качество. Материал очень приятный. Запаха нет. Не 46 размер заказала М. Отлично. Доставка недели за 2-3 до Ростов-на-Дону. Закажу ещё
negative,"это просто ужас, пришла на почту сказали что посылки нет, а в отслеживании высвечивается, что я его получила, отлично!!! и где платье фиг кто знает."
positive,"Блузка отличного качества, брала для школы дочери, села идеально .Доставка быстрая за 14 дн."
neutral,товар пришел очень долго.качество нормальное.
positive,"Кофта отличная, но на рост 175 коротки рукава, а так супер! Брала 2 кофты, сшиты аккуратно. До Москвы 3 недели"
negative,"заказала м на 87,65,95, там поместится 2 меня! я очень расстроена, носить не буду. заказ шел больше месяцп"
negative,Товар пришёл с дыркой огромной в кружеве. Затяжка ткани прямо по центру передней части топа((( зачем было отправлять заведомо бракованный товар клиенту???
positive,"Водолазка очень мягкая, отменное качество. Цвет глубоко синий. На 42-44 подошло супер. Спасибо продавцу и доставка в Ростов мега быстро!!!"
positive,свитер крутоой!!!
negative,Товар не пришел. Продавец не отвечает. Очень плохое отношение.
negative,не пришёл товар
positive,"Все отлично! Довольна заказом, большое спасибо продавцу! Напишу подробный обзор в своём блоге на iTao - https://ru.itao.com/u/972105526 и потом добавлю сюда"
positive,Доставили очень быстро. красивая теплая и удобная кофточка. еще и бусики в подарок. 5+. буду заказывать еще. Спасибо
positive,На 44 размер брала М. Сел идеально ха такие деньги костюм шикарный!
positive,Шикарные лосины. Полоски конечно напрягают но они тёплые и качество хорошее. Доставка супер быстрая За 2 недели. На мой размер м подошли хорошо.
neutral,После первой же стирки жутко скатался
negative,бесполезная тряпка вообще не держится сразу спадает
neutral,"Очень большой по размеру. И очень толстый и грубый. Первая вещь, которая не понравилась в этом магазине. Но я, наверное, ожидала, что он будет другим, поэтому и не понравилось. А к качеству претензий нет. Просто мне не подошло."
positive,"Отличный свитер, уже хочу заказать в другом цвете) Быстрая доставка. Продавца рекомендую"
negative,"Мошенник и кидала. Отменяет отправку. И говорит что б ждал. Сказал ему что через месяц влеплю диспут с последствиями., если не сделает отправку товара Месяц мне бредил про подождать, что он узнавал и товар надо ждать, куча теркинговых систем говорит что продавец отменил отправку, что даже в аккаунте статус отмена отправки его не интересовало, он думал прокатит. Не прокатило вот))) Теперь три товара - три диспута. Гарантия алиэкспресс сделала возврат даже не спрашивая его желания на основе предоставленных мной доказательств."
neutral,"Супербыстрая доставка -12дней.Трэк отслеживался полностью.Мягенькая,снаружи и внутри с коротким ворсом, как мягкая игрушка.Тёплая.Принят яркий и четкий. Но расстроила:в плечах широка.Обычно ношу s."
neutral,Долгая доставка
positive,"Рубашка пришла довольно быстро.Качество как цена ,хорошое. Рубашка просвечивает (белая).Я сама S заказал M рукава впритык ,но сидит хорошо. Трек не отслеживался. Покупкой довольна ."
positive,"Заказывала 11.11.17, отличная пижама. Люблю свободные пижамы!!!"
negative,"Очень плохая куртка!!! Утеплитель распределен неравномерно,куртка тонкая не для зимы. Пояс прошит плохо,где-то собирается,где-то нет,торчит кусок куртки,не прошитого изнутри пояса. Пришлось самой распарывать и прошивать. После первой стирки весь наполнитель собрался комками,куртка стала пустая! Брали со скидкой 1800 с чем-то,но и таких денег жалко. НЕ ПОКУПАЙТЕ,ОЧЕНЬ ПЛОХАЯ КУРТКА!!!! Жаль сразу не сфотографировала недочеты."
negative,наверное только мне так не повезло с заказом... товар не пришёл. обидно.
positive,Доставка три недели. Качество хорошее. Продавцу спасибо.
negative,"прошёл месяц товар так и проявлялся на отправке,вернули деньги, очень жаль"
positive,Не стоит этих денег. Синтетика.
negative,I sent the goods of a different color and to another addressee. I had to open a dispute and return the money.
negative,"Заказ был сделан 4 августа 2017,на данный момент 10 декабря - заказа нет,деньги не вернули.Не советую заказывать у этого продавца,да и вообще на этом сайте."
positive,"Приятная к телу, L на 42 свободно, так как хотела"
neutral,Цвет не соответствует и материал тоже. Очень много синтетики в составе. Цвет не бежевый а какой то персиковый. Не рекомендую за такую цену можно лучше найти
negative,"Безобразная куртка! Сшита без подклада ,все швы наружу-смотрится дешевкой .Очень маленький капюшон (буквально натягивается на голову как п*****в) .В груди вместо заявленных 132 см -122см. Специально искала с искусственным наполнителем,как и заявлено у продавца,однако на деле обычное перо,которое уже лезет ,а после стирки ,думаю придется выбросить. К сожалению не успела открыть спор. Кто тут 5 звезд ставил -они что на помойке родились?????"
negative,"Заказала платье в этом магазине. По срокам доставки претензий нет, пришло за две недели. Размер подошёл идеально. Но в описании было написано хлопок, а пришло непонятного качества на фото видно."
negative,"заказываю второй раз,недовольна тем,что во -первых не соответствует размерной сетке!!! во -вторых не в первый раз не во -второй не прорезаны петельки для пуговиц... А вторые ещё с поломанной молнией и больше на размер... не советую"
negative,Товар не пришёл.
neutral,"Качество товара просто бомба. А вот с размерчиком облом. На 48 русский xxl мал! Хотя по размерной сетке должно быть все в порядке. Халатик ещё куда не шло а вот ночнушка на ребёнка. Очень жаль. Скорее всего какая-то путаница произошла.... Открыла спор, вернули 10 долларов. Общайтесь с продавцом. Повтарюсь качество очень хорошее!!!!! Просто мне не повезло((("
negative,"Материал не тянется толком, из такого материала пижамы шьют, а не лосины, фигня полная, совсем не такие как на фото. Короткие ещё оказались:( Отстой! Я не довольна! Не берите:("
negative,"Платье пришло маленькое, качество не плохое"
positive,"качественная водолазка, коротковата слегка на рост 173, тянется хорошо, пришло быстро, буду заказывать еще"
positive,Продавец лучший
positive,very good
positive,Отличное качество! Спасибо продавцу!
negative,"Вот такая очень чистая кофта пришла мне!Мало того,что ещё цвет не такой как на картинке,дак ещё и грязная вся!и пахла отвратительно!очень не довольна продавцом,ждала очень долго,дак эта вся грязь ещё и не отстирывается!очень жаль."
negative,"Продавец очень долго не отправлял товар, открыла спор, чтобы вернули деньги. Спор закрыли, ни товара, ни денег. Продавца не советую"
negative,"голая синтетика, когда наэосить не понятно, вмороз очень холодно, вижару не дышит , очень жарко"
neutral,"Свитер в целом неплохой, но рукава коротковаты даже на мой небольшой рост 156 немного коротковато минус одну звезду и минус за рукав который с лёгкостью начал прям на мне расходиться."
positive,полиэстер. не очень сидит
negative,"Не советую заказывать.Лямки белого цвета,а не чёрного как на картинке.Очень просвечивает,тонкий шифон.Не понравился."
positive,"Курта до СПб шла около 3х недель. Качество супер! И размер подошёл. Продавец положил носочки в подарок , спасибо !;)"
negative,"жду уже с мая,до сих пор ни ответа на сообщения,ни товара,ни отслеживания,что уж говорить о возврате денег,в общем деньги в пустую"
negative,"Товар не пришел, 4 месяца мурыжили с возвратом средств, отвратительный продавец, лучше ничего тут не заказывайте!"
negative,"кофта так и не пришла, ждала очень долго. Продавец обманул, вместо кофты прислал брелок ужасный. После открытия спора вернул деньги."
neutral,"товар не пришёл к сожалению деньги вернули ,благодарчик"
negative,"Так и не дошла посылка , по треку вроде даже до города нашего доползла, но там и канула в небытие! Чья вина, хрен его знает, но товар не получен!!!"
positive,"Отличные зимние брюки. По фигуре сидят хорошо. Доставка быстрая, спасибо продавцу!"
positive,"Хорошие брюки. Без запаха. Все в точности соответствует описанию. На 42 размер S в облипочку,как я и хотела. Продавцу спасибо,буду ещё у него заказывать. После дополню отзыв,посмотрю,как они покажут себя в процессе использования."
neutral,"долго не отправлял (не было в наличие)... попросила в подарок пояс, за ожидание - продавец проигнорировал... доставка очень долгая - заказала 11.11, получила 30.12(( смотрится хорошо, но мех лезет!!! Так себе шубейка"
negative,"Я очень ждала эту заколку для волос, но срок вышел, а она мне так и не пришла... РАЗОЧАРОВАНА!"
neutral,"Товар шел очень долго. Пояса к платью не прилагается,лямки под пояс отрежу, ни к чему они . Материал стрейч по этому можно было гна размер поменьше взять на мой 44 брала М . Материал на первый взгляд не плохой, плотный. Летом можно будет как плащ носить."
neutral,Пошив жакета плохой.Верхний лацкан кармана торчит.Не могу оценить на 5-ку!
negative,"Шорты так и не пришли,открыла спор,но продавец попросил его закрыть уверив,что они в пути и я согласилась. Обидно,трэк не отслеживался"
negative,"заказываю во второй раз. в первый раз дошли за 1,5 недели, во второй шли месяц. в первый раз носила целый месяц, во второй раз и дня не приносила, как порвались! причем заказывала я во второй раз 2 пары, дна из которых уже дошла рваная. спор открыла, деньги так и не вернули."
negative,"Ужасно. Плохо обработанные швы, торчащая горловина, широченные рукава. Жаль потраченных денег."
neutral,"Не могу еще определиться нравится или нет. Сидит по размеру вроде, но спереди пузырится немного, как будто нужен небольшой животик, чтоб обтягивало как следует. При получении юбка была свернута от чего появились заломы, надеюсь смогу их разгладить, хоть для меня пока и загадка как это сделать с этим материалом. Цвет красивый, соответствует картинке."
neutral,"Очень долгая доставка. Посылка пришла на другое почтовое отделение. Ткань приятная к телу. А вот качество пошива ужасное. Швы не ровные, нитки торчат, пройма сильно сборит. Одеть можно только под пиджак. Поэтому только троечка и то с натягом."
negative,ни чего не дошло. трэк не отслеживался
neutral,"Не оправдало мои ожидания и большевато размер s, свободная, легкая"
positive,"Товар хороший, спасибо продавцу"
neutral,"Товар не пришёл , вернули деньги"
negative,Товар не пришёл. Продавец продлевал защиту. Спустя 3 месяца по спору деньги вернул
negative,К сожалению не успела вернуть деньги. (Не отследила защиту покупателя) товар так и не пришёл.((
negative,какой может быть отзыв если я не получила товар и спор открыть не могу ОЧЕНЬ ПЛОХО наверно выслали кому то другому
neutral,"Очень тонкий материал, как на нижнее белье..."
positive,"спасибо! товар хороший, только размер маленький. у меня 44 размер,но м маленькая. надо было брать л."
neutral,"Долго думала, покупать или нет, на картинке выглядит интересно. Решила купить и сильно пожалела, увы. Белая блуза достаточно сильно просвечивает, видно загиб ткани вдоль выреза ворота, что очень дешевит вид. Майки под шёлк за 250 р. лучше выглядят, чем это. На фото продавца материал выглядит плотнее. Сама модель интересная, но на мою фигуру с формами села плохо, выглядит мешковато, увеличила плечи и сделала их более покатыми."
neutral,образец и сам товар не соответствуют даже по цвету .
positive,"качество отличное!нитки не торчат,все швы аккуратные,ткань плотная.мне очень понравились.цвет как на фото! с продавцом не общалась,т.к. товар отправили быстро и пришел в Москву за 2,5 недели."
neutral,Свитер на 46-48 размер подошел идеально. Пряжа по качеству похожа на деревенскую. Имеет неприятный синтетический запах. Пришлось сразу стирать. Соответствует цене. На фото смотрится лучше.
positive,"Качество просто отличное. Заказ прибыл быстро. Жаль только, что нет никаких этикеток."
positive,"заказ пришел быстро. во время стирки линяют. технический запах плохо выветривается. но колготки теплые и удобные. подходят как для длинных ног, так и для полных."
negative,"материал ужасный.в жару потеешь в холод продувает.по размеру подошли.у меня 46,заказала М"
negative,"Ужасный свитер, растянулся прямо во время примерки во все стороны, в локтях, после и в рукавах, размера до 50го. Заказывала xs, пришел с правильной маркировкой xs, по замерам шире в груди на 4см, длиннее на 3см! Ношу российский 42, понятно что он мне гигантский! Пришел влажный! На работу такое не наденешь. После первой стирки распустились ниточки прямо в полотне спереди, покрылся катышками, хотя стирала в мешке для стирки! В подарок положили резинку для волос. Лучше бы размеры правильно отшивали. Своих денег не стоит."
positive,"Заказом в целом довольна. Но смотрятся на мне ужасно. Точно не как на модели (возможно это из-за роста). Ожидала одно но пришло другое ( виновата сама, в комментариях было четко написанно, что ""брюки"" смотрятся как трико, которое ты стащил у папы). В щиколотке они узкие, а в ляжках широкие. Материал не очень, но продавец не скрывал. А так прекрасные штаны, пошив ровный, фабричный. Лампасы из искусственной кожи, с подкладом на внутренней стороне. Мой рост 160 О.Т 57. Бедра не скажу, не помню. Но могу сказать что попа у меня маленькая , и штаны именно это и подчеркивают."
positive,"Очень тоненькие, но сидят хорошо рекомендую"
negative,Товар не пришёл. Продавец без вопросов вернул деньги. Спасибо
neutral,Шли долго
neutral,"Товар не пришёл, деньги вернули"
negative,"Ждали более 100 дней,продавец каждый месяц продлевал защиту.Товар не отслеживался ,ну подумал ладно не страшно.В итоге товар так и не пришел.Но самое интересное что продавец просит еще дать ему 4 недели,и не даёт ни каких гарантий,что товар придёт,я считаю это вообще наглостью. И вернули только часть стоимости от товара,я вообще был в Шоке от Администрации Алли,как они решили этот спор."
positive,"Заказ пришел быстро, размер соответствует, качеством довольна."
positive,"пришли за месяц. трек отслеживался частично. качество хорошее. но большемерят. заказала самые маленькие s, они на 44-46"
neutral,"ну такое себе,халат какой-то,не советую брать"
neutral,"Наклейка кривая, длина не везде одинаковая, очень короткая"
positive,"Спасибо продавцу, что помог выбрать размер. Всё подошло."
neutral,"качество самих джинсов нормальное,но разочаровала сломаная молния"
neutral,"размер не соответствует заявленному, к сожалению. при талии 74, бедра 92 XXL с трудом натянулся, на рост 175 длина штанины на 7 см выше щиколотки, когда я стою, если попытаться в них сесть... ну, вы поняли))) да и трек номер, отправленный для отслеживания изначально не соответствовал. очень разочарована, увы"
neutral,"Платье пришло ни в том цвете,рисунок тоже не совпадает, что я заказывала и по размеру S велико на 44р. Продавец вернул большую часть стоимости платья.Доставка быстрая.Трек-номер отслеживался"
positive,"Заказ пришел быстро. Курточка легкая, достаточно тонкая. Но дизайн и копюшон все скрашивает. Повелась на отзывы и заказала на 42-44 рос. S, надо было как и хотела М заказывать. А подумала и закажу лучше L. Слишком впритык. А я приверженец свободного стиля. Подарю эту куртку племяннице на весну. Очень растроилась, так ждала ее. Но сама виновата, а так и продавца и куртку рекомендую."
neutral,синтетика
negative,не добросовестный продавец!!!!!!!!!!!
positive,"заказ сделала 10.10.17г. на почту прибыл уже 26.10.17г. Заказом довольна, нет никаких запахов, нитки не торчат, все по размеру, 4 хл на российский 50-52 размер. Всем советую этого продавца, обязательно закажу ещё!"
negative,"трек не отслеживался. Решила забить на это, и просто ждала, пока юбка придет, но в итоге, время защиты покупателя истекло, а мой заказ, похоже, уехал в другое место. Отчасти сама виновата, но что поделать."
negative,"Товар Не пришёл. Продавец ответил, что это по вине транспортной компании, отправил мне ещё раз- но так ничего и не пришло((("
negative,"Качество за такую стоимость не лучшее, расстроена заказом."
negative,Так и не дождалась заказа...Через 2 месяца ожидания открыла спор на полный возврат денежных средств...
neutral,слишком тонкая ткань. размер не соответствует
neutral,"размеры маек очень некорректно отображены в размерной сетке .майки короткие и широкие . подойдут только на низких и полных девушек . материал вискоза , по пошиву претензий нет ."
neutral,Трикотаж одноразовый. Скатывается моментально. Размер-соответствует.
neutral,ПОСЫЛКА ПРИШЛА БЫСТРО. КОФТА XL ПОДХОДИТ НАС 44 РОС. РАЗМЕР. ЕСТЬ СИЛЬНЫЙ ЗАПАХ.ЗА БЫСТРОТУ СПАСИБО.
positive,хорошая рубашка. заказом довольная
negative,товар шёл очень долго. пришёл на два размера меньше. верните деньги. очень недовольна. а ещё говорят что очень хороший магазин
neutral,Товар очень долго шел и качество мне лично не понравилось
negative,"сшито непонятно на кого,наверно на лошадь"
neutral,Ужасная синтетика!!!!!
neutral,"Синтетика, смотреься не очень"
neutral,"юбка пришла в другом цвете, по длине коротковата конечно, на рост не выше 160"
negative,товар не соответствует фотографии вообще. не покупайте
neutral,"Заказала 15 мая,мой заказ так и не пришёл.Открыла спор и споп выиграла я. Но уже прошла неделя,а деньги так и не возвращаются. :с"
negative,"заказ НЕ получила((продавец долго кормил обещаниями,прислал не мой трек и я открыла спор т.к. по этому треку посылка была получена в другом городе,мой трек он прислал только после открытия мною спора.в итоге вернули мои деньги, товара так я и не дождалась((самый ужасный продавец впреть заказы у него делать не буду,осадок неприятный остался,НЕ рекомендую."
positive,"В описании указаны только кашемир и шерсть, но тут есть что-то еще. В составе на бирке три строки. Все описание только на китайском, даже на английском нет, поэтому что там на самом деле не известно. До Ярославля посылка шла месяц."
neutral,Посылка шла не долго. Не маломерки. Внутри мягкие. Цвет не такой как ожидала. Грязно розовый. Как будто полинял.
positive,"Очень приятный на ощупь, качественный, сел по фигуре, на свой S взяла M. Довольна. Состав не известен, на китайском указаны пропорции из трех составляющих. Но шерсть точно присутствует, свитер немного колется."
neutral,"Очень тонкий материал,можно носить как подюпник не больше"
positive,"очень быстро пришел заказ.Костюм как на фото!!!Толстовка подошла идеально,а брюки видеокарты,но у меня так и есть,верх 48-50,а низ 44-46"
negative,Пришли с дырочкой !
neutral,пошив ужасный. пройма широкая. модель вообще бесформенная. ткань не дышит синтетика
neutral,"Я в шоке.Такого говна я давно не видела...Заказала 20.10,получила 15.11. Ощущение,как заказала,сшили по-быстрому и отправили.Все косяки на фото видны.Рукава косые,размер не понятен,рукав жмёт,на талии не застегнула.И швы все наруже.Ужас.И кстати,у меня на бирке не Зара.Покупала за 519р.Жаль много фото не сделать,много косяков."
positive,Отличная пижама и заказ пришел достаточно быстро.
positive,"Качество хорошее, только нитки под мышкой по шву торчат пришитые."
positive,"Платье очень хорошее, осталась не довольна доставкой , я заказала 2 платья, продавец выслал только одно сначала , дал неправильный трек и только после того , как я открыла спор, он прислал правильный трек и выслал второе платье"
positive,Немного великоваты!
negative,"не соответствие с картинкой:ткань дешевая, просвет ( нитки торчат и размер-маломер("
negative,"Посылки нет уже 3 месяца.Продавец уверяла ,что в пути.Номер не отслеживался.Открыла спор.Продавец просил закрыть.Вмешалась служба алиэкспресс.Они решили вернуть мне деньги.Поэтому ни одной звезды."
neutral,посылка так и не пришла. мне очень жаль.
negative,"Думала брюки будут либо тянутся либо из обычной ткани , но получилось , что они и не туда , и не сюда ! Материал ужасный синтетика! Не советую"
negative,"я поставила одну звезду, потому что без нее нельзя написать отзыв. заказала юбку два месяца назад, она не двигалась с места полтора месяца, пока я не открыла спор (а заявленная доставка две недели). продавец кормил обещаниями, что юбка скоро придет, если что, мы сразу вернём деньги. спор был открыт две недели, денег я так и не увидела. сама юбка довольно хорошая и подошла по размеру, приятная к телу и хорошо тянется, но впечатление испорчено доставкой и отношением продавца. в общем, минус звезда за отношение продавца, минус за доставку, минус за невозврат денег и минус за испорченное впечатление​, итого одна звезда за возможность написать отзыв и саму юбку"
positive,"Товар пришёл без повреждений. Если у вас рост больше 170 см ,не стоит их брать"
negative,"Ужс просто ткань херня полная,закатывается будете заказывать один размер а придет на размер больше я бы даже и 50 руб не отдала,за эту кофту,ваняяет носками протухшами фууу помятая,ну просто нет слов закажите другую кофту за 300 руб чем эту тряпку половую"
negative,"Доставка быстрая. Брюки не соответствуют размеру. В бедрах в самый раз, в ногах как лосины. Длина до щиколотки при росте 166 см. Носить их не буду. Крайне не довольна."
positive,"Отличн ое качество,плотные.Доченьке очень нравятся,ее рост 169,подошли.Только вместо 2х пар прислали одну."
neutral,не очень
positive,"Всё просто супер,спасибо продавцу.Пришёл заказ быстро,комбинашка классная,все строчки ровные,нитки не торчат,очень красивая.По размеру подошла идеальна. Мои параметры ог 105см от 88 об105.Всё хорошо."
negative,"на картинке выглядит чуть лучше, чем в действительности. размерная сетка тоже не соответствует описанию. взяла L на грудь 90 и талию 70- сильно велик, можно было смело брать м"
negative,Покупала в школу на 1сентября. Стирала всего три раза но ткань уже пошла катышками. Стирала Лаской.Очень жаль потраченных денег.
neutral,"Непонятное какое-то платье. Широкие рукава, само не понятное. Я брала его носить под курткой. Вот и вышло, что только так и носить. Цвет красивый, но на этом всё закончилось. Надеюсь не подведёт в плане тепла."
positive,"Люблю этот магазин, люблю этого продавца!! Поздно заказала, но хотела получить до НГ. Продавец умничка-по моей просьбе быстро отправил, посылка долетела за две недели!!!! Я просто счастлива!!! Платье бомбическое, купила с купоном за 10$, да еще кэшбек 2$ вернули, в общем такое классное платье по сути за копейки. Спасибо и еще раз спасибо!!!!!"
neutral,Качество так себе
negative,ни денег ни товара не заказывайте у этого продавца!!!
positive,"клёвое. цвет супер, размер подошел. рост 178,вес 75"
neutral,размер 2xxl максимум на 44
neutral,"Мне пришел один чулок с дыркой . И вообще сидят они плохо , не смотря на то что у меня размер 42 . Как колбаса в сетку ."
negative,"Не рекомендую брать. Ужасное качество по неоправданно высокой цене! Какая же это куртка/пальто из флиса? Кофтенка из застиранных элементов, напоминающих ""комочки шерсти"", раз с ушками на капюшоне :) Рукава короткие, застегивается на булавки...""Сшили из того, что было, или по сусекам наскребли, и запахнули на швейные булавки, как во времена дефицита на пуговицы""... Не тратьте деньги. А ждать ну просто задолбаетесь, кто в Москве живет. 10 кругов ада проходит эта вещь ради Вашего расстройства в конце. Ох и ах как расстроена! :("
positive,"рост мелковат, чисто на китайцев"
neutral,"Начну с того, что поставщик долго не отправлял заказ, и , в итоге, дал левый трек, который ехал вообще в другой город и заказ был легче в 3 раза по весу. После того, как я увидела, что заказ типа прибыл в почтовое отделение г.Омска ( а я в Нижнем Новгроде вообще-то) и ФИО получателя другое - продавец написал, что это не мой трек и прислал другой, верный. Отправили мне заказ через 18! дней после оплаты. В итоге получила его через 1,5 мес. Сам комбез забавный, полноразмерный, денег своих стоит"
negative,"маломерка, материал настольной хилой что с первого раза в зоне подмышек треснул."
negative,"совсем маленькие, как на ребенка"
positive,"Спасибочки, товар по размеру подошел. Супруга очень довольна. Продавца рекомендую. Отвечают на вопросы сразу."
positive,"Носки понравились, но присутствует запах сырости."
negative,"Материал дешёвого качества, лосины не тянутся вообще. Шуршат как пакет целлофановый"
negative,"Срок истек. Открыла спор. Продавец просил закрыть спор и продлит мне сроки. Закрыла спор. Срок не продлили, а написали что срок истек. Деньги не вернули. Плохие они."
positive,"The delivery was very quick! Only two weeks or so. The sweatshirt is a bit short, but other than that everything is fine!"
positive,"Потрясающий халат, чувствую себя в нем превосходно"
negative,Штаны заказывала с мехом для ребёнка.специально на зиму.пришли тонкие.
neutral,доставка товара долгая!Отслеживание в стране получения заказа отсутствует!
positive,"На ОБ 104 см заказала ХХХL, помогли отзывы покупателей. На шортах нет этикетки с информацией о составе ткани."
neutral,"не точное описание, цвет черный, а не серый"
negative,"Не получила, а пишут, что доставлено!!!!"
negative,заказывали 3xl пришел на русский 44 размер
negative,"Продавец не понравился, товар не пришёл, деньги не вернули"
neutral,"Недовольна во-первых тем, что товар шёл долго. Во-вторых размер ооооочень маленький, ношу 46 размер, но юбку еле натянула, в-третьих пошив, одна сторона ниже другой)))) в общем, не рекомендую, пустая трата денег (((("
positive,"Мягкая, приятная к телу. Каких-то видимых косяков в пошиве не обнаружила, но на концах немного торчат нитки. Бежевый цвет не белый как на фото, а молочный. Длина как на фото."
negative,"товар не соответствует картинке, качество не соответствует цене очень разочаровалась, продавца не рекомендую, хотя посылка пришла во время."
positive,Доставка быстрая платье класс.советую всем
positive,"колготки хорошие,но будут холод нить"
neutral,"Пришёл не тот заказ ,грязный и вонь ужасная !"
neutral,"Заказывала одну футболку , пришла другая с другой надписью"
negative,"Проучила быстро , красивые , но все в зацепках ! Даже не надеть их ! Нужно перел отправкой проверять качество товара !"
neutral,"размер не подошел, на мой 44-46 брала М, до середины бедра даже не натянула, надо было наверно хххl брать))) обидно"
negative,"Столько раз заказывала все отлично было! Заказала топ в подарок подруге, топ пришёл с пятном впереди!!! На самом видном месте!!!Подарок испорчен!!! Что за безответственность такая? Выкинуть да и только!!!"
neutral,"Товар так и не пришёл, но продавец вернул денежки ! Спасибо"
positive,"очень долгая доставка до Новосибирска, 3 месяца"
positive,"Это был самый быстрый заказ за всю историю заказов с Али. Топ пошит очень хорошо, ровно. Без запаха. Цвет как на фотографии, насыщенный изумруд. И с размером угадала, на свой 42-44 взяла М, сел идеально. Продавец положил символический сюрпрайз."
neutral,"Я просила продавца прислать мне именно модель с перышком (цвет 2D 105), и даже написала ему в комментарии, что другие варианты меня не устроят! Но, продавец вместо того, чтобы честно сказать, что нужная мне модель закончилась, сначала долго не высылал мой заказ, отправил его в последний день, при чем с сообщением, что заказанный мной размер S закончился, поэтому он отправил М. А потом, когда посылка пришла, оказалось, что это еще и не та модель, которую я просила! Прилагаю фото, что мне пришло. Пришлось открывать спор. Спасибо Алиэкспресс - деньги были возвращены. Но, конечно, я была расстроена тем, что получила не ту вещь, которую хотела! К качеству самой пижамы претензий нет."
